document-uri,effective-directive,blocked-uri,source-file,line-number,column-number,0
https://support.mozilla.org/t5/Protect-your-privacy/Insecure-password-warning-in-Firefox/ta-p/27861,,https://connectionstrenth.com,,,,5
https://support.mozilla.org/t5/Thunderbird/ct-p/Thunderbird-ru,,https://cdncash.net,,,,5
https://support.mozilla.org/t5/Conserte-os-problemas/O-que-significa-quot-Sua-conex%C3%A3o-n%C3%A3o-%C3%A9-segura-quot/ta-p/32223,,https://vast.yashi.com,,,,4
about:blank,img-src,http://match.adsrvr.org/track/cmf/generic?ttd_pid=optimatic&ttd_tpi=1,,,,3
https://support.mozilla.org/t5/%D0%9D%D0%B0%D1%87%D0%B0%D0%BB%D0%BE-%D1%80%D0%B0%D0%B1%D0%BE%D1%82%D1%8B/tkb-p/Get-Started-ru,,https://cdncash.net,,,,3
https://support.mozilla.org/t5/Firefox-Focus/ct-p/Focus-ru,,https://cdncash.net,,,,3
https://support.mozilla.org/t5/Firefox/disable-video-autoplay/m-p/889851,,https://partner-key.men,,,,3
https://support.mozilla.org/t5/Fix-slowness-crashing-error/How-to-allow-Java-on-trusted-sites/ta-p/6206,,https://fonts.gstatic.com,,,,3
https://support.mozilla.org/t5/Manage-preferences-and-add-ons/How-to-change-your-default-browser-in-Windows-10/ta-p/35222?utm_content=firstrun&utm_medium=firefox-browser&utm_source=firefox-browser,,https://static.cmptch.com,,,,3
https://support.mozilla.org/t5/Manage-preferences-and-add-ons/Param%C3%A8tres-exceptions-et-d%C3%A9pannage-pour-le-blocage-des-fen%C3%AAtres/ta-p/12130,,https://vid.springserve.com,,,,3
https://support.mozilla.org/t5/Protect-your-privacy/Insecure-password-warning-in-Firefox/ta-p/27861,,https://adnotbad.com,,,,3
https://support.mozilla.org/t5/Protect-your-privacy/Insecure-password-warning-in-Firefox/ta-p/27861,,https://takethatad.com,,,,3
https://support.mozilla.org/t5/%D0%A3%D1%81%D1%82%D0%B0%D0%BD%D0%BE%D0%B2%D0%BA%D0%B0-%D0%B8-%D0%BE%D0%B1%D0%BD%D0%BE%D0%B2%D0%BB%D0%B5%D0%BD%D0%B8%D0%B5/%D0%92%D0%B0%D0%B6%D0%BD%D0%BE-Firefox-%D0%B2%D1%81%D0%BA%D0%BE%D1%80%D0%B5-%D0%BF%D1%80%D0%B5%D0%BA%D1%80%D0%B0%D1%89%D0%B0%D0%B5%D1%82-%D0%BF%D0%BE%D0%B4%D0%B4%D0%B5%D1%80%D0%B6%D0%BA%D1%83-Windows-XP-%D0%B8-Vista/ta-p/31718,,https://awaybird.ru,,,,2
https://support.mozilla.org/t5/Assistance-de-Mozilla-Fran%C3%A7ais/ct-p/fr?profile.language=fr,,https://data1.itineraire.info,,,,2
https://support.mozilla.org/t5/B%C3%B6ng%C3%A9sz%C3%A9s/Kezd%C5%91lap-be%C3%A1ll%C3%ADt%C3%A1sa/ta-p/14742,,https://d2xvc2nqkduarq.cloudfront.net,,,,2
https://support.mozilla.org/t5/Conserte-os-problemas/O-que-significa-quot-Sua-conex%C3%A3o-n%C3%A3o-%C3%A9-segura-quot/ta-p/32223,,https://sdk.streamrail.com,,,,2
https://support.mozilla.org/t5/Cookies-and-cache/Usuwanie-ciasteczek/ta-p/17811,,https://fonts.googleapis.com,,,,2
https://support.mozilla.org/t5/Firefox-is-slow-or-stops-working/Firefox-is-slow-How-to-make-it-faster/ta-p/3809,,https://gateway.zscaler.net,,,,2
https://support.mozilla.org/t5/Firefox/ct-p/Firefox,,https://fonts.googleapis.com,,,,2
https://support.mozilla.org/t5/Firefox/ct-p/Firefox,,https://t.lkqd.net,,,,2
https://support.mozilla.org/t5/Firefox/disable-video-autoplay/m-p/889851,,https://cdncache-a.akamaihd.net,,,,2
https://support.mozilla.org/t5/Firefox/how-do-I-get-rid-of-xmarks-I-never-installed-it-and-I-can-t-find/m-p/582636,script-src,https://x.rafomedia.com/server/rfdls.php?ref1=brow_gr&guid=TOSHIBAXMQ01ABF050_547UC93BTXX547UC93BT,,3,29518,2
https://support.mozilla.org/t5/Fix-slowness-crashing-error/What-does-quot-Your-connection-is-not-secure-quot-mean/ta-p/30354,,https://www.google.com,,,,2
https://support.mozilla.org/t5/Manage-preferences-and-add-ons/Param%C3%A8tres-exceptions-et-d%C3%A9pannage-pour-le-blocage-des-fen%C3%AAtres/ta-p/12130,,http://vid-io.springserve.com,,,,2
https://support.mozilla.org/t5/Manage-preferences-and-add-ons/Param%C3%A8tres-exceptions-et-d%C3%A9pannage-pour-le-blocage-des-fen%C3%AAtres/ta-p/12130,,https://ads.adaptv.advertising.com,,,,2
https://support.mozilla.org/t5/Mozilla-Support-English/ct-p/Mozilla-EN,,https://data1.allo-pages.fr,,,,2
https://support.mozilla.org/t5/Mozilla-Support-English/ct-p/Mozilla-EN,,https://data1.bilan-imc.fr,,,,2
https://support.mozilla.org/t5/Mozilla-Support-English/ct-p/Mozilla-EN,,https://fdz.octapi.net,,,,2
https://support.mozilla.org/t5/Mozilla-Support-English/ct-p/Mozilla-EN,,https://hm.baidu.com,,,,2
https://support.mozilla.org/t5/Mozilla-Support-English/ct-p/Mozilla-EN,,https://mc.yandex.ru,,,,2
https://support.mozilla.org/t5/Mozilla-Support-English/ct-p/Mozilla-EN,,https://search-goo.com,,,,2
https://support.mozilla.org/t5/Mozilla-Support-English/ct-p/Mozilla-EN,object-src,,https://hwsfp35778.i.lithium.com,32,86,2
https://support.mozilla.org/t5/Procedures-to-diagnose-and-fix/Refresh-Firefox-reset-add-ons-and-settings/ta-p/23405,,https://itsresultshub-a.akamaihd.net,,,,2
https://support.mozilla.org/t5/Protect-your-privacy/Insecure-password-warning-in-Firefox/ta-p/27861,,https://pstatic.bestpriceninja.com,,,,2
https://support.mozilla.org/t5/Solucionar-problemas/Qu%C3%A9-significa-La-conexi%C3%B3n-no-es-segura/ta-p/31547,,https://data1.imc-calcular.com,,,,2
about:blank,connect-src,http://as.eu.angsrvr.com/select?type=dyn&plc=1083253&cache=146095275&ang_domain=https%3a%2f%2fsupport.mozilla.org%2ft5%2fLearn-the-Basics-get-started%2fComo-remover-uma-p%25C3%25A1gina-marcada-como-favorita%2fta-p%2f26929&ang_ref=https%3a%2f%2fsupport.mozilla.org%2ft5%2fLearn-the-Basics-get-started%2fComo-remover-uma-p%25C3%25A1gina-marcada-como-favorita%2fta-p%2f26929&ang_page=https%3a%2f%2fsupport.mozilla.org%2ft5%2fLearn-the-Basics-get-started%2fComo-remover-uma-p%25C3%25A1gina-marcada-como-favorita%2fta-p%2f26929&ang_width=600&ang_height=480&ang_vpaid=true,https://cdn.optimatic.com/staging/opti-vast-client/opti-vast-client-1.1.6.js,11,22648,1
about:blank,connect-src,http://as.eu.angsrvr.com/select?type=dyn&plc=1083253&cache=162864672&ang_domain=https%3a%2f%2fsupport.mozilla.org%2ft5%2fLearn-the-Basics-get-started%2fComo-remover-uma-p%25C3%25A1gina-marcada-como-favorita%2fta-p%2f26929&ang_ref=https%3a%2f%2fsupport.mozilla.org%2ft5%2fLearn-the-Basics-get-started%2fComo-remover-uma-p%25C3%25A1gina-marcada-como-favorita%2fta-p%2f26929&ang_page=https%3a%2f%2fsupport.mozilla.org%2ft5%2fLearn-the-Basics-get-started%2fComo-remover-uma-p%25C3%25A1gina-marcada-como-favorita%2fta-p%2f26929&ang_width=600&ang_height=480&ang_vpaid=true,https://cdn.optimatic.com/staging/opti-vast-client/opti-vast-client-1.1.6.js,11,22544,1
about:blank,connect-src,http://as.eu.angsrvr.com/select?type=dyn&plc=1083253&cache=806332888&ang_domain=https%3a%2f%2fsupport.mozilla.org%2ft5%2fLearn-the-Basics-get-started%2fComo-remover-uma-p%25C3%25A1gina-marcada-como-favorita%2fta-p%2f26929&ang_ref=https%3a%2f%2fsupport.mozilla.org%2ft5%2fLearn-the-Basics-get-started%2fComo-remover-uma-p%25C3%25A1gina-marcada-como-favorita%2fta-p%2f26929&ang_page=https%3a%2f%2fsupport.mozilla.org%2ft5%2fLearn-the-Basics-get-started%2fComo-remover-uma-p%25C3%25A1gina-marcada-como-favorita%2fta-p%2f26929&ang_width=600&ang_height=480&ang_vpaid=true,https://cdn.optimatic.com/staging/opti-vast-client/opti-vast-client-1.1.6.js,11,22648,1
about:blank,connect-src,http://vid.springserve.com/vast/59955?w=600&h=480&url=https%3a%2f%2fsupport.mozilla.org%2ft5%2fLearn-the-Basics-get-started%2fComo-remover-uma-p%25C3%25A1gina-marcada-como-favorita%2fta-p%2f26929&cb=121581586,https://cdn.optimatic.com/staging/opti-vast-client/opti-vast-client-1.1.6.js,11,22544,1
about:blank,connect-src,http://vid.springserve.com/vast/59955?w=600&h=480&url=https%3a%2f%2fsupport.mozilla.org%2ft5%2fLearn-the-Basics-get-started%2fComo-remover-uma-p%25C3%25A1gina-marcada-como-favorita%2fta-p%2f26929&cb=146095275,https://cdn.optimatic.com/staging/opti-vast-client/opti-vast-client-1.1.6.js,11,22544,1
about:blank,connect-src,http://vid.springserve.com/vast/59955?w=600&h=480&url=https%3a%2f%2fsupport.mozilla.org%2ft5%2fLearn-the-Basics-get-started%2fComo-remover-uma-p%25C3%25A1gina-marcada-como-favorita%2fta-p%2f26929&cb=146095275,https://cdn.optimatic.com/staging/opti-vast-client/opti-vast-client-1.1.6.js,11,22648,1
about:blank,connect-src,https://ntracking.optimatic.com/3.5/Ntracking/trackAd.ashx?adID=kc5TyAHqZYDs&noCache=146095275&publisher_id_qs=91608263&page_host=support.mozilla.org&sw=600&sh=480&content_page_url=https%3a%2f%2fsupport.mozilla.org%2ft5%2fLearn-the-Basics-get-started%2fComo-remover-uma-p%25C3%25A1gina-marcada-como-favorita%2fta-p%2f26929&gender=&tid=a2-4457d968-73bb-4fa1-a61b-e1c1a5398582,https://cdn.optimatic.com/staging/optivpaid/optiads-3.0.0.js,3,14674,1
about:blank,connect-src,https://rtb.optimatic.com/webservice/getRTB.ashx?1=1&OptimaticTargetCpm=4.00&bidfloor=1&Advertiser_ID=TRA_DAIGR0001&RTBType=JSON&pubID=91608263&CookieSyncId=trade_desk_rtb&rnd=864038919,https://cdn.optimatic.com/staging/optivpaid/optiads-3.0.0.js,3,14919,1
about:blank,connect-src,https://ssp.streamrail.net/ssp/vpaid/57012026524fcb000200003e/58adc4ffe0c3a60002569f08?cb=774467286&width=600&height=480&dnt=[DO_NOT_TRACK]&sub_id=kc5TyAHqZYDs&ip=186.226.186.210&ua=Mozilla%2f5.0+(Windows+NT+6.1)+AppleWebKit%2f537.36+(KHTML%2c+like+Gecko)+Chrome%2f56.0.2924.87+Safari%2f537.36&page_url=https%3a%2f%2fsupport.mozilla.org%2ft5%2fLearn-the-Basics-get-started%2fComo-remover-uma-p%25C3%25A1gina-marcada-como-favorita%2fta-p%2f26929,https://cdn.optimatic.com/staging/opti-vast-client/opti-vast-client-1.1.6.js,11,22544,1
about:blank,connect-src,https://ssp.streamrail.net/ssp/vpaid/57012026524fcb000200003e/58adc4ffe0c3a60002569f08?cb=774467286&width=600&height=480&dnt=[DO_NOT_TRACK]&sub_id=kc5TyAHqZYDs&ip=186.226.186.210&ua=Mozilla%2f5.0+(Windows+NT+6.1)+AppleWebKit%2f537.36+(KHTML%2c+like+Gecko)+Chrome%2f56.0.2924.87+Safari%2f537.36&page_url=https%3a%2f%2fsupport.mozilla.org%2ft5%2fLearn-the-Basics-get-started%2fComo-remover-uma-p%25C3%25A1gina-marcada-como-favorita%2fta-p%2f26929,https://cdn.optimatic.com/staging/opti-vast-client/opti-vast-client-1.1.6.js,11,22648,1
about:blank,connect-src,https://tracking.optimatic.com/3.5/Tracking/trackEvent.ashx?event=noAds&id=kc5TyAHqZYDs&noCache=146095275&alfyzone=vpaidjstesting&countrycode=BR&sw=600&sh=480&gender=&position=3&page_host=support.mozilla.org&tid=a2-4457d968-73bb-4fa1-a61b-e1c1a5398582,https://cdn.optimatic.com/staging/optivpaid/optiads-3.0.0.js,3,14674,1
about:blank,img-src,https://ac.eu.angsrvr.com/count?type=ets-js-start&crea=ets-js&ite=ets-js&cpg=ets-js&adv=ets-js&plc=ets-js&sit=ets-js&pub=ets-js&iid=ets-js&ep=1465812493&net=ets-js&url=https://cdn.hiberniacdn.com/frt/img/trpx.gif,https://cdn.hiberniacdn.com/frt/vpaid/ANGUserSyncer-7.js,1,6192,1
about:blank,img-src,https://d5p.de17a.com/getuid/adsolution?t=d,https://cdn.hiberniacdn.com/frt/vpaid/ANGUserSyncer-7.js,1,6192,1
about:blank,img-src,https://t.lkqd.net/t?ev=162&tsid=173393&env=3&cb=744874242952&format=0&did=2&osid=2&pubtagtype=vastvpaid&render=&apt=auto&uimp=7934692456381771440&svrs=0.57&srvid=10.20.5.75&oip=186.226.186.210&vrs=210&tsl=65&ear=100&width=600&height=480&phost=&host=mozilla.org&appname=&idfa=&aid=&bundleid=&lsid=&loclat=&loclong=&contentid=%7Bvideo_id%7D&contenttitle=%7Bvideo_title%7D&contentlength=30.0&contenturl=%7Bvideo_url%7D&appstoreurl=&execution=any&placement=&browserid=1&adplayersize=large&pid=158&sid=173393&spid=22462&psid=&ppid=&lkqdtagtype=vastvpaid&tlr=1&c1=&c2=&c3=&vpaidcnt=2&aplr=11&aplrid=lkqdadvid183775&aplrcid=lkqdad183775&rnd=480408184&cs=322951839,,,,1
about:blank,script-src,http://pixel.yabidos.com/kfl.js,https://pixel.yabidos.com/fltiu.js?qid=536393f5037393f5237363&cid=672&p=0&s=https%3A%2F%2Fsupport.mozilla.org&x=49385&adtg=49385&h=480&w=600&ip=186.226.186.210&ua=Mozilla%2F5.0%20(Windows%20NT%206.1)%20AppleWebKit%2F537.36%20(KHTML%2C%20like%20Gecko)%20Chrome%2F56.0.2924.87%20Safari%2F537.36,1,2707,1
about:blank,script-src,https://cdn.optimatic.com/staging/opti-vast-client/opti-vast-client-1.1.6.js,https://cdn.optimatic.com/staging/optivpaid/optiads-3.0.0.js,3,17102,1
http://support.mozilla.org/t5/errors/error404page,,http://lb.apicit.net,,,,1
http://support.mozilla.org/t5/errors/error404page,,http://tags.clickintext.net,,,,1
https://support.mozilla.org/kb/Options+window+-+Content+panel,,https://support.mozilla.org/kb/Options+window+-+Content+panel,,,,1
https://support.mozilla.org/kb/Private+Browsing,,https://support.mozilla.org/kb/Private+Browsing,,,,1
https://support.mozilla.org/kb/insecure-password-warning-firefox,,https://net.ootil.fr,,,,1
https://support.mozilla.org/kb/what-does-your-connection-is-not-secure-mean,,https://cdn.visadd.com,,,,1
https://support.mozilla.org/kb/what-does-your-connection-is-not-secure-mean,,https://cjs.linkbolic.com,,,,1
https://support.mozilla.org/kb/what-does-your-connection-is-not-secure-mean,,https://d2a8a4q9.ssl.hwcdn.net,,,,1
https://support.mozilla.org/t5/%D0%9D%D0%B0%D1%87%D0%B0%D0%BB%D0%BE-%D1%80%D0%B0%D0%B1%D0%BE%D1%82%D1%8B/tkb-p/Get-Started-ru,,https://code.jquery.com,,,,1
https://support.mozilla.org/t5/%D0%9D%D0%B0%D1%87%D0%B0%D0%BB%D0%BE-%D1%80%D0%B0%D0%B1%D0%BE%D1%82%D1%8B/tkb-p/Get-Started-ru,,https://mstat.acestream.net,,,,1
https://support.mozilla.org/t5/%D0%9D%D0%B0%D1%87%D0%B0%D0%BB%D0%BE-%D1%80%D0%B0%D0%B1%D0%BE%D1%82%D1%8B/tkb-p/Get-Started-ru/sort-string/replies,,https://cdncash.net,,,,1
https://support.mozilla.org/t5/%D0%9D%D0%B0%D1%87%D0%B0%D0%BB%D0%BE-%D1%80%D0%B0%D0%B1%D0%BE%D1%82%D1%8B/tkb-p/Get-Started-ru/sort-string/replies,,https://eluxer.net,,,,1
https://support.mozilla.org/t5/%D0%9F%D0%BE%D0%B4%D0%B4%D0%B5%D1%80%D0%B6%D0%BA%D0%B0-Mozilla-%D0%A0%D1%83%D1%81%D1%81%D0%BA%D0%B8%D0%B9/ct-p/ru?profile.language=ru,,https://code.jquery.com,,,,1
https://support.mozilla.org/t5/%D0%9F%D0%BE%D0%B4%D0%B4%D0%B5%D1%80%D0%B6%D0%BA%D0%B0-Mozilla-%D0%A0%D1%83%D1%81%D1%81%D0%BA%D0%B8%D0%B9/ct-p/ru?profile.language=ru,object-src,,https://hwsfp35778.i.lithium.com,32,86,1
https://support.mozilla.org/t5/%D0%A3%D1%81%D1%82%D0%B0%D0%BD%D0%BE%D0%B2%D0%BA%D0%B0-%D0%B8-%D0%BE%D0%B1%D0%BD%D0%BE%D0%B2%D0%BB%D0%B5%D0%BD%D0%B8%D0%B5/%D0%92%D0%B0%D0%B6%D0%BD%D0%BE-Firefox-%D0%B2%D1%81%D0%BA%D0%BE%D1%80%D0%B5-%D0%BF%D1%80%D0%B5%D0%BA%D1%80%D0%B0%D1%89%D0%B0%D0%B5%D1%82-%D0%BF%D0%BE%D0%B4%D0%B4%D0%B5%D1%80%D0%B6%D0%BA%D1%83-Windows-XP-%D0%B8-Vista/ta-p/31718,,http://ext.kinoroombrowser.ru,,,,1
https://support.mozilla.org/t5/%D0%A3%D1%81%D1%82%D0%B0%D0%BD%D0%BE%D0%B2%D0%BA%D0%B0-%D0%B8-%D0%BE%D0%B1%D0%BD%D0%BE%D0%B2%D0%BB%D0%B5%D0%BD%D0%B8%D0%B5/%D0%92%D0%B0%D0%B6%D0%BD%D0%BE-Firefox-%D0%B2%D1%81%D0%BA%D0%BE%D1%80%D0%B5-%D0%BF%D1%80%D0%B5%D0%BA%D1%80%D0%B0%D1%89%D0%B0%D0%B5%D1%82-%D0%BF%D0%BE%D0%B4%D0%B4%D0%B5%D1%80%D0%B6%D0%BA%D1%83-Windows-XP-%D0%B8-Vista/ta-p/31718,,https://www.adstomat.ru,,,,1
https://support.mozilla.org/t5/%D0%A3%D1%81%D1%82%D0%B0%D0%BD%D0%BE%D0%B2%D0%BA%D0%B0-%D0%B8-%D0%BE%D0%B1%D0%BD%D0%BE%D0%B2%D0%BB%D0%B5%D0%BD%D0%B8%D0%B5/%D0%A3%D1%81%D1%82%D0%B0%D0%BD%D0%BE%D0%B2%D0%BA%D0%B0-%D0%B1%D0%BE%D0%BB%D0%B5%D0%B5-%D1%81%D1%82%D0%B0%D1%80%D0%BE%D0%B9-%D0%B2%D0%B5%D1%80%D1%81%D0%B8%D0%B8-Firefox/ta-p/21741,,https://www.google-analytics.com,,,,1
https://support.mozilla.org/t5/%D0%A3%D1%81%D1%82%D1%80%D0%B0%D0%BD%D0%B5%D0%BD%D0%B8%D0%B5-%D0%BF%D1%80%D0%BE%D0%B1%D0%BB%D0%B5%D0%BC/%D0%9F%D0%BE%D1%87%D0%B5%D0%BC%D1%83-Java-Silverlight-Adobe-Acrobat-%D0%B8-%D0%B4%D1%80%D1%83%D0%B3%D0%B8%D0%B5-%D0%BF%D0%BB%D0%B0%D0%B3%D0%B8%D0%BD%D1%8B-%D0%B1%D0%BE%D0%BB%D1%8C%D1%88%D0%B5-%D0%BD%D0%B5/ta-p/33171,object-src,,https://hwsfp35778.i.lithium.com,32,86,1
https://support.mozilla.org/t5/%E3%82%A4%E3%83%B3%E3%82%B9%E3%83%88%E3%83%BC%E3%83%AB%E3%81%A8%E6%9B%B4%E6%96%B0/Firefox-%E3%82%92-32-bit-%E3%81%8B%E3%82%89-64-bit-%E3%81%AB%E5%88%87%E3%82%8A%E6%9B%BF%E3%81%88%E3%82%8B%E3%81%AB%E3%81%AF/ta-p/38408,object-src,,https://hwsfp35778.i.lithium.com,32,86,1
https://support.mozilla.org/t5/%E4%BF%9D%E6%8A%A4%E6%82%A8%E7%9A%84%E9%9A%90%E7%A7%81/Firefox-%E4%B8%AD%E7%9A%84%E4%B8%8D%E5%AE%89%E5%85%A8%E5%AF%86%E7%A0%81%E8%AD%A6%E7%A4%BA/ta-p/36756,,https://hm.baidu.com,,,,1
https://support.mozilla.org/t5/%E4%BF%9D%E6%8A%A4%E6%82%A8%E7%9A%84%E9%9A%90%E7%A7%81/Firefox-%E4%B8%AD%E7%9A%84%E4%B8%8D%E5%AE%89%E5%85%A8%E5%AF%86%E7%A0%81%E8%AD%A6%E7%A4%BA/ta-p/36756,,https://tc.koushuidang.cn,,,,1
https://support.mozilla.org/t5/%E5%95%8F%E9%A1%8C%E3%81%AE%E8%A7%A3%E6%B1%BA%E6%96%B9%E6%B3%95/%E4%BF%A1%E9%A0%BC%E3%81%99%E3%82%8B%E3%82%B5%E3%82%A4%E3%83%88%E3%81%A7-Java-%E3%82%92%E6%9C%89%E5%8A%B9%E3%81%AB%E3%81%99%E3%82%8B%E3%81%AB%E3%81%AF/ta-p/6280#w_laakaoaoaiaccnad-java-aciiaeuooiaeaoao,object-src,,https://hwsfp35778.i.lithium.com,32,86,1
https://support.mozilla.org/t5/Administrar-preferencias-y/Configuraci%C3%B3n-del-inicio-las-descargas-y-la-p%C3%A1gina-de-inicio/ta-p/9111,object-src,,https://hwsfp35778.i.lithium.com,32,86,1
https://support.mozilla.org/t5/Assistance-de-Mozilla-Fran%C3%A7ais/ct-p/fr?profile.language=fr,,https://rdc.apicit.net,,,,1
https://support.mozilla.org/t5/Assistance-de-Mozilla-Fran%C3%A7ais/ct-p/fr?profile.language=fr,,https://x.rafomedia.com,,,,1
https://support.mozilla.org/t5/Bases/tkb-p/basics-tb-fr,,https://fdz.octapi.net,,,,1
https://support.mozilla.org/t5/Bases/tkb-p/basics-tb-fr,,https://www.findizer.fr,,,,1
https://support.mozilla.org/t5/Basic-Browsing/About-Tiles-in-New-Tab/ta-p/10765,,https://d2xvc2nqkduarq.cloudfront.net,,,,1
https://support.mozilla.org/t5/Basic-Browsing/Cara-menyetel-halaman-awal/ta-p/5334,,https://support.cdn.mozilla.net,,,,1
https://support.mozilla.org/t5/Basic-Browsing/Cara-menyetel-halaman-awal/ta-p/5334,,https://support.cdn.mozilla.net/media/uploads/gallery/videos/thumbnails/2011-03-31-06-52-14-513265.jpg,,,,1
https://support.mozilla.org/t5/Basic-Browsing/Get-started-with-Firefox-An-overview-of-the-main-features/ta-p/3994,,https://apiboxrockinfo-a.akamaihd.net,,,,1
https://support.mozilla.org/t5/Basic-Browsing/Get-started-with-Firefox-An-overview-of-the-main-features/ta-p/3994,,https://apienhancetronic-a.akamaihd.net/gcrs2?v=1,,,,1
https://support.mozilla.org/t5/Basic-Browsing/Get-started-with-Firefox-An-overview-of-the-main-features/ta-p/3994,,https://apienhancetronic-a.akamaihd.net/swdm/advbl/js,,,,1
https://support.mozilla.org/t5/Basic-Browsing/Get-started-with-Firefox-An-overview-of-the-main-features/ta-p/3994,,https://d2xvc2nqkduarq.cloudfront.net,,,,1
https://support.mozilla.org/t5/Basic-Browsing/Get-started-with-Firefox-An-overview-of-the-main-features/ta-p/3994,,https://jsl.infostatsvc.com,,,,1
https://support.mozilla.org/t5/Basic-Browsing/Get-started-with-Firefox-An-overview-of-the-main-features/ta-p/3994,,"https://jsl.infostatsvc.com/?InitSuccess_8=1164|,|in|,|EnhanceTronic|,|0EB9941B-1AE5-4061-BF64-D1C653FD775D|,|0|,|1002K|,|Firefox|,|Browser|,|1399379167693|,|adssIN|,|support.mozilla.org",,,,1
https://support.mozilla.org/t5/Basic-Browsing/Get-started-with-Firefox-An-overview-of-the-main-features/ta-p/3994,,"https://jsl.infostatsvc.com/?PanelPageVisit_4=EnhanceTronic|,|0EB9941B-1AE5-4061-BF64-D1C653FD775D|,|f4097b5e-59af-580a-7f33-1d6c9f17d34b|,|1489748495466|,||,||,|https%3A%2F%2Fsupport.mozilla.org%2Ft5%2FBasic-Browsing%2FGet-started-with-Firefox-An-overview-of-the-main-features%2Fta-p%2F3994%23w_customize-the-menu-or-the-toolbar|,|https%3A%2F%2Fsupport.mozilla.org%2Ft5%2FBasic-Browsing%2FGet-started-with-Firefox-An-overview-of-the-main-features%2Fta-p%2F3994|,|1489716374287|,|1489716375047|,|107|,|121|,|133|,|143|,|199|,|Firefox|,|29|,|Browser|,|in",,,,1
https://support.mozilla.org/t5/Basic-Browsing/Get-started-with-Firefox-An-overview-of-the-main-features/ta-p/3994,,https://x.rafomedia.com,,,,1
https://support.mozilla.org/t5/Basic-Browsing/Web-Push-notifications-in-Firefox/ta-p/28744,,https://x.rafomedia.com,,,,1
https://support.mozilla.org/t5/Bookmarks-and-Tabs/Restaurer-la-session-pr%C3%A9c%C3%A9dente-configurer-quand-Firefox-affiche/ta-p/15987,,https://fonts.googleapis.com,,,,1
https://support.mozilla.org/t5/Calendar/Integration-into-Thunderbird/ta-p/30027,,data,,,,1
https://support.mozilla.org/t5/Calendar/tkb-p/Calendar,object-src,,https://hwsfp35778.i.lithium.com,32,86,1
https://support.mozilla.org/t5/Conserte-os-problemas/O-que-significa-quot-Sua-conex%C3%A3o-n%C3%A3o-%C3%A9-segura-quot/ta-p/32223,,https://s.igmhb.com,,,,1
https://support.mozilla.org/t5/Conserte-os-problemas/O-que-significa-quot-Sua-conex%C3%A3o-n%C3%A3o-%C3%A9-segura-quot/ta-p/32223,,https://ssp.lkqd.net,,,,1
https://support.mozilla.org/t5/Conserte-os-problemas/O-que-significa-quot-Sua-conex%C3%A3o-n%C3%A3o-%C3%A9-segura-quot/ta-p/32223,,https://system.donation-tools.org,,,,1
https://support.mozilla.org/t5/Conserte-os-problemas/O-que-significa-quot-Sua-conex%C3%A3o-n%C3%A3o-%C3%A9-segura-quot/ta-p/32223,connect-src,https://code.jquery.com/jquery-3.0.0.min.js,https://eluxer.net/code?sesscheck=1&id=105&subid=50719_1572_,1,712,1
https://support.mozilla.org/t5/Conserte-os-problemas/O-que-significa-quot-Sua-conex%C3%A3o-n%C3%A3o-%C3%A9-segura-quot/ta-p/32223,connect-src,https://www.google.com/9f4e10ab9265e47f42723bc2/?view=aHR0cHM6Ly91cC5maWxta2F5bmFnaS5jb20vYXBpL3JlcG9ydD9kYXRhPSU3QiUyMm9zJTIyJTNBJTIyd2luOC4xJTIyJTJDJTIyc2NyZWVuJTIyJTNBJTIyMTQ0MHg5MDAlMjIlMkMlMjJsb2NhbGUlMjIlM0ElMjJwdC1CUiUyMiUyQyUyMmJyb3dzZXIlMjIlM0ElMjJjaHJvbWUlMjA1Ni4wLjI5MjQuODclMjIlMkMlMjJjaGFyc2V0JTIyJTNBJTIyVVRGLTglMjIlMkMlMjJ1dWlkJTIyJTNBJTIyJTdCODVhZDFjYzZkYWI2NDg2YzhjNmY2NDY4ODVmMjFlODIlN0QlMjIlMkMlMjJhcHBpZCUyMiUzQSUyMjQxNjc2MzM5MjklMjIlMkMlMjJjaGFubmVsJTIyJTNBJTIyMzYweHglMjIlMkMlMjJldmVudCUyMiUzQSUyMmRvd25sb2FkJTIyJTJDJTIycGFyYW1zJTIyJTNBJTdCJTIydGltZSUyMiUzQTE0ODk3NDgzNDYwMDglMkMlMjJhZF9pZCUyMiUzQTc5MiUyQyUyMmFkX3R5cGUlMjIlM0EyJTJDJTIyYWRfbmFtZSUyMiUzQSUyMnFrc3NiZC0xKjElMjIlN0QlMkMlMjJzdGF0dXMlMjIlM0ElN0IlMjJhcHBuYW1lJTIyJTNBJTIydmlydHVhbCUyMiUyQyUyMmFwcHR5cGUlMjIlM0ElMjJhZGRvbiUyMiUyQyUyMmhvc3QlMjIlM0ElMjJzdXBwb3J0Lm1vemlsbGEub3JnJTIyJTdEJTJDJTIydmVyc2lvbiUyMiUzQSUyMjEuNS4yLjclMjIlN0Q%3D,https://support.mozilla.org/t5/Conserte-os-problemas/O-que-significa-quot-Sua-conex%C3%A3o-n%C3%A3o-%C3%A9-segura-quot/ta-p/32223,371,4354,1
https://support.mozilla.org/t5/Conserte-os-problemas/O-que-significa-quot-Sua-conex%C3%A3o-n%C3%A3o-%C3%A9-segura-quot/ta-p/32223,connect-src,https://www.google.com/9f4e10ab9265e47f42723bc2/?view=aHR0cHM6Ly91cC5maWxta2F5bmFnaS5jb20vYXBpL3JlcG9ydD9kYXRhPSU3QiUyMm9zJTIyJTNBJTIyd2luOC4xJTIyJTJDJTIyc2NyZWVuJTIyJTNBJTIyMTQ0MHg5MDAlMjIlMkMlMjJsb2NhbGUlMjIlM0ElMjJwdC1CUiUyMiUyQyUyMmJyb3dzZXIlMjIlM0ElMjJjaHJvbWUlMjA1Ni4wLjI5MjQuODclMjIlMkMlMjJjaGFyc2V0JTIyJTNBJTIyVVRGLTglMjIlMkMlMjJ1dWlkJTIyJTNBJTIyJTdCODVhZDFjYzZkYWI2NDg2YzhjNmY2NDY4ODVmMjFlODIlN0QlMjIlMkMlMjJhcHBpZCUyMiUzQSUyMjQxNjc2MzM5MjklMjIlMkMlMjJjaGFubmVsJTIyJTNBJTIyMzYweHglMjIlMkMlMjJldmVudCUyMiUzQSUyMmRvd25sb2FkJTIyJTJDJTIycGFyYW1zJTIyJTNBJTdCJTIydGltZSUyMiUzQTE0ODk3NDgzNjM2MjYlMkMlMjJhZF9pZCUyMiUzQTM0JTJDJTIyYWRfdHlwZSUyMiUzQTElMkMlMjJhZF9uYW1lJTIyJTNBJTIydG90YWwlMjBKUyUyMGNvZGUlMjIlN0QlMkMlMjJzdGF0dXMlMjIlM0ElN0IlMjJhcHBuYW1lJTIyJTNBJTIydmlydHVhbCUyMiUyQyUyMmFwcHR5cGUlMjIlM0ElMjJhZGRvbiUyMiUyQyUyMmhvc3QlMjIlM0ElMjJzdXBwb3J0Lm1vemlsbGEub3JnJTIyJTdEJTJDJTIydmVyc2lvbiUyMiUzQSUyMjEuNS4yLjclMjIlN0Q%3D,https://support.mozilla.org/t5/Conserte-os-problemas/O-que-significa-quot-Sua-conex%C3%A3o-n%C3%A3o-%C3%A9-segura-quot/ta-p/32223,371,4265,1
https://support.mozilla.org/t5/Conserte-os-problemas/O-que-significa-quot-Sua-conex%C3%A3o-n%C3%A3o-%C3%A9-segura-quot/ta-p/32223,frame-src,https://cdnins.123rede.com,https://support.mozilla.org/t5/Conserte-os-problemas/O-que-significa-quot-Sua-conex%C3%A3o-n%C3%A3o-%C3%A9-segura-quot/ta-p/32223,371,31538,1
https://support.mozilla.org/t5/Conserte-os-problemas/O-que-significa-quot-Sua-conex%C3%A3o-n%C3%A3o-%C3%A9-segura-quot/ta-p/32223,img-src,https://adnotbad.com/metric/?mid=6a131&wid=50719&sid=&tid=1572&rid=MNTZ_LOADED&t=1489748368338,,,,1
https://support.mozilla.org/t5/Conserte-os-problemas/O-que-significa-quot-Sua-conex%C3%A3o-n%C3%A3o-%C3%A9-segura-quot/ta-p/32223,img-src,https://beacon.krxd.net/usermatch.gif?partner=lkqd&partner_uid=taEoKQ3Y9g4,,,,1
https://support.mozilla.org/t5/Conserte-os-problemas/O-que-significa-quot-Sua-conex%C3%A3o-n%C3%A3o-%C3%A9-segura-quot/ta-p/32223,img-src,https://k.streamrail.com/t.gif?p=JTdCJTIyY2F0ZWdvcnklMjIlM0ElMjJpbml0JTIyJTJDJTIyYWN0aW9uJTIyJTNBJTIycCUyMiUyQyUyMmRldGVjdGVkX2RvbWFpbiUyMiUzQSUyMnN1cHBvcnQubW96aWxsYS5vcmclMjIlMkMlMjJkZG9tYWluJTIyJTNBJTIyc3VwcG9ydC5tb3ppbGxhLm9yZyUyMiUyQyUyMnBhZ2V1cmwlMjIlM0ElMjJodHRwcyUzQSUyRiUyRnN1cHBvcnQubW96aWxsYS5vcmclMkZ0NSUyRmNvbnNlcnRlLW9zLXByb2JsZW1hcyUyRm8tcXVlLXNpZ25pZmljYS1xdW90LXN1YS1jb25leCUyNWMzJTI1YTNvLW4lMjVjMyUyNWEzby0lMjVjMyUyNWE5LXNlZ3VyYS1xdW90JTJGdGEtcCUyRjMyMjIzJTIyJTJDJTIyZG9tYWluJTIyJTNBJTIyc3VwcG9ydC5tb3ppbGxhLm9yZyUyMiUyQyUyMnBsYXllcndpZHRoJTIyJTNBJTIyNjAwJTIyJTJDJTIycGxheWVyaGVpZ2h0JTIyJTNBJTIyNDgwJTIyJTJDJTIycGFydG5lcmlkJTIyJTNBJTIyN2NmMTM3YWYtZjI3MC00Y2YyLTk2NjAtM2Y1MTY2YjA2YTZiJTIyJTJDJTIyYXJlYSUyMiUzQSUyMjI4ODAwMCUyMiUyQyUyMnNpZCUyMiUzQSUyMmQxMTdiMzkzLWI0MTItNGQyMy05YzM3LTE0YTI4OWQzOGE3YiUyMiUyQyUyMmR3aWR0aCUyMiUzQSUyMjYwMCUyMiUyQyUyMmRoZWlnaHQlMjIlM0ElMjI0ODAlMjIlMkMlMjJkcGxheWVyc2l6ZSUyMiUzQSUyMmxhcmdlJTIyJTJDJTIycGxheWVyc2l6ZSUyMiUzQSUyMmxhcmdlJTIyJTJDJTIycGxheWVyX3ZlciUyMiUzQSUyMjIyNzglMjIlMkMlMjJtYWNyb3NfcmFuZCUyMiUzQSUyMjAuODE3NDgwMTM4NzMyNjY3MSUyMiUyQyUyMm1hY3Jvc19jYiUyMiUzQSUyMjAuNzAzNzgxNjY2NzY0NzQyNSUyMiUyQyUyMm1hY3Jvc193aWR0aCUyMiUzQSUyMjYwMCUyMiUyQyUyMm1hY3Jvc19oZWlnaHQlMjIlM0ElMjI0ODAlMjIlMkMlMjJhZHBvc2l0aW9uJTIyJTNBJTIycHJlLXJvbGwlMjIlMkMlMjJ0eXBlJTIyJTNBJTIyaW5mbyUyMiUyQyUyMmZwJTIyJTNBMTQwOTk0MTg5OSUyQyUyMmNvbXBvbmVudCUyMiUzQSUyMnBsYXlhLXRyYWNrZXIlMjIlMkMlMjJ2ZXJzaW9uJTIyJTNBJTIyMjI3OCUyMiUyQyUyMnRhZ3MlMjIlM0ElMjI3Y2YxMzdhZi1mMjcwLTRjZjItOTY2MC0zZjUxNjZiMDZhNmIlMjIlMkMlMjJicm93c2VyJTIyJTNBJTIyY2hyb21lJTIyJTJDJTIyYnJvd3NlcnZlcnNpb24lMjIlM0ElMjI1NiUyMiUyQyUyMm9zJTIyJTNBJTIyd2luZG93cyUyMiUyQyUyMm9zdmVyc2lvbiUyMiUzQSUyMjguMSUyMiUyQyUyMmNsaWVudHRpbWVzdGFtcCUyMiUzQSUyMjIwMTctMDMtMTd0MTAlM0E1OSUzQTM0eiUyMiUyQyUyMmJyb3dzZXJ2ZXJzaW9uZnVsbCUyMiUzQSUyMjU2LjAuMjkyNC44NyUyMiUyQyUyMnJlY29yZGlkJTIyJTNBJTIyMTEzODA5N2UtZTNjNS00ZGU3LTgxMjgtNzFmY2VjZjRiNmUxJTIyJTdE&0.07824349210268466,,,,1
https://support.mozilla.org/t5/Conserte-os-problemas/O-que-significa-quot-Sua-conex%C3%A3o-n%C3%A3o-%C3%A9-segura-quot/ta-p/32223,img-src,"https://pre.glotgrx.com/nflrc.gif?cb=1489748370161921&ver=1.2r14&qid=835373f5136373f5430353&p=lWUf3i4RUDWZ&s=&x=reviser_optomatic_vast&cid=504&od1=&od2=&adtg=&nci=&nai=&nsi=&co=0&cstm1=&cstm2=&cstm3=&rnd=6l9zwf4kuyys&tps=56&ver1=2.1.2&toJSON=undefined&1=809ae2c6a931f003b72dc0afea53b694&2=-3.0&3=900_1440_860_1440_24_24&5=%7B%220%22%3A%7B%220%22%3A%22Widevine%2520Content%2520Decryption%2520Module%2520-%2520%2520-%2520widevinecdmadapter.dll%2520-%2520Enables%2520Widevine%2520licenses%2520for%2520playback%2520of%2520HTML%2520audio%252Fvideo%2520content.%2520%28version%253A%25201.4.8.962%29fl_br%22%2C%221%22%3A%22Chrome%2520PDF%2520Viewer%2520-%2520%2520-%2520mhjfbmdgcfjbbpaeojofohoefgiehjai%2520-%2520fl_br%22%2C%222%22%3A%22Native%2520Client%2520-%2520%2520-%2520internal-nacl-plugin%2520-%2520fl_br%22%2C%223%22%3A%22Chrome%2520PDF%2520Viewer%2520-%2520%2520-%2520internal-pdf-viewer%2520-%2520Portable%2520Document%2520Formatfl_br%22%2C%22toJSON%22%3A%22undefinedError%22%7D%2C%22toJSON%22%3A%22undefinedError%22%7D&6=3&7={%22e%22:%2211%22,%22m%22:%221%22,%22f%22:%223556%22}&dbgcid=504&ifm=0&penv=b&pt=0&tw=1&ldp=0&icpl=122&icp=https%3A//support.mozilla.org/t5/Conserte-os-problemas/O-que-significa-quot-Sua-conex%E3o-n%E3o-%E9-segura-quot/ta-p/32223&irfl=28&irf=https%3A//www.google.com.br/&cty=4&fcs=1&flky=ver-fl-6-qid-fl-22-p-fl-12-s-fl-0-x-fl-22-cid-fl-3-od1-fl-0-od2-fl-0-adtg-fl-0-nci-fl-0-nai-fl-0-nsi-fl-0-co-fl-0-cstm1-fl-0-cstm2-fl-0-cstm3-fl-0-rnd-fl-12-tps-fl-0-cb-fl-13-ver1-fl-5-&spfp=0&spfnp=0&sp1=Chromefl_andChromefl_andWindowsfl_andWindows&sp2=Chromefl_andChromefl_andWindowsfl_andWindows&flerr=0-3&fio=33",,,,1
https://support.mozilla.org/t5/Conserte-os-problemas/O-que-significa-quot-Sua-conex%C3%A3o-n%C3%A3o-%C3%A9-segura-quot/ta-p/32223,img-src,https://stags.bluekai.com/site/37030?id=taEoKQ3Y9g4&limit=1,,,,1
https://support.mozilla.org/t5/Conserte-os-problemas/O-que-significa-quot-Sua-conex%C3%A3o-n%C3%A3o-%C3%A9-segura-quot/ta-p/32223,script-src,https://adnotbad.com/addons/lnkr30_nt.min.js,https://agm.abounddinged.com/affs?addonname=addon2&clientuid=[Enter%20Client%20UID]&subID=addon2&affid=9657&subaffid=1004&href=https%3A%2F%2Fsupport.mozilla.org%2Ft5%2FConserte-os-problemas%2FO-que-significa-quot-Sua-conex%25C3%25A3o-n%25C3%25A3o-%25C3%25A9-segura-quot%2Fta-p%2F32223,2,1586,1
https://support.mozilla.org/t5/Conserte-os-problemas/O-que-significa-quot-Sua-conex%C3%A3o-n%C3%A3o-%C3%A9-segura-quot/ta-p/32223,script-src,https://adnotbad.com/optout/set/strtm?jsonp=__twb_cb_377594428&key=6241d3cd091af1ce1c&cv=1489748366&t=1489748367404,https://agm.abounddinged.com/affs?addonname=addon2&clientuid=[Enter%20Client%20UID]&subID=addon2&affid=9657&subaffid=1004&href=https%3A%2F%2Fsupport.mozilla.org%2Ft5%2FConserte-os-problemas%2FO-que-significa-quot-Sua-conex%25C3%25A3o-n%25C3%25A3o-%25C3%25A9-segura-quot%2Fta-p%2F32223,2,1586,1
https://support.mozilla.org/t5/Conserte-os-problemas/O-que-significa-quot-Sua-conex%C3%A3o-n%C3%A3o-%C3%A9-segura-quot/ta-p/32223,script-src,https://asrvvv-a.akamaihd.net/get?addonname=addon2&clientuid=undefined&subID=addon2&affid=9657&subaffid=1001&href=https%3A%2F%2Fsupport.mozilla.org%2Ft5%2FConserte-os-problemas%2FO-que-significa-quot-Sua-conex%25C3%25A3o-n%25C3%25A3o-%25C3%25A9-segura-quot%2Fta-p%2F32223,https://up.filmkaynagi.com/js/34.js?time1473659918,40,17,1
https://support.mozilla.org/t5/Conserte-os-problemas/O-que-significa-quot-Sua-conex%C3%A3o-n%C3%A3o-%C3%A9-segura-quot/ta-p/32223,script-src,https://i_tonginjs_info.tlscdn.com/opt_content.js?v=opt_1476824312279&partner=tongin&channel=tongins30030&sset=2&appTitle=shopping%20deals&products=&ip=201.68.25.57,,1,10822,1
https://support.mozilla.org/t5/Conserte-os-problemas/O-que-significa-quot-Sua-conex%C3%A3o-n%C3%A3o-%C3%A9-segura-quot/ta-p/32223,script-src,https://pixel.yabidos.com/kfl.js,https://agm.abounddinged.com/affs?addonname=addon2&clientuid=[Enter%20Client%20UID]&subID=addon2&affid=9657&subaffid=1004&href=https%3A%2F%2Fsupport.mozilla.org%2Ft5%2FConserte-os-problemas%2FO-que-significa-quot-Sua-conex%25C3%25A3o-n%25C3%25A3o-%25C3%25A9-segura-quot%2Fta-p%2F32223,2,1586,1
https://support.mozilla.org/t5/Conserte-os-problemas/O-que-significa-quot-Sua-conex%C3%A3o-n%C3%A3o-%C3%A9-segura-quot/ta-p/32223,script-src,https://pstatic.davebestdeals.com/nwp/External/jquery.dotdotdot.js?try=0,https://pstatic.davebestdeals.com/nwp/v0_0_1147/release/Shared/App/SharedApp.js?t=0,2,19159,1
https://support.mozilla.org/t5/Conserte-os-problemas/O-que-significa-quot-Sua-conex%C3%A3o-n%C3%A3o-%C3%A9-segura-quot/ta-p/32223,script-src,https://qnp.demisedcolonnaded.com,,,,1
https://support.mozilla.org/t5/Conserte-os-problemas/O-que-significa-quot-Sua-conex%C3%A3o-n%C3%A3o-%C3%A9-segura-quot/ta-p/32223,script-src,https://rules.similardeals.net/v1.0/whitelist/1052/9657x1002/support.mozilla.org?partnerName=RealTime&partnerLink=http%3A%2F%2Fluu.lightquartrate.com%2Fsd%2Fapps%2Fadinfo-1.1%2Findex.html%3Fn%3DRealTime%26oou%3Dhttp%3A%2F%2Fruu.outputsteddy.com%2Fopt_out%2F1%26w%3Dsupport.mozilla.org%26a%3D9657%26s%3D1002,https://ruu.outputsteddy.com/affs?addonname=addon2&clientuid=undefined&subID=addon2&affid=9657&subaffid=1002&href=https%3A%2F%2Fsupport.mozilla.org%2Ft5%2FConserte-os-problemas%2FO-que-significa-quot-Sua-conex%25C3%25A3o-n%25C3%25A3o-%25C3%25A9-segura-quot%2Fta-p%2F32223,8,818,1
https://support.mozilla.org/t5/Conserte-os-problemas/O-que-significa-quot-Sua-conex%C3%A3o-n%C3%A3o-%C3%A9-segura-quot/ta-p/32223,script-src,https://s.lm15d.com/?cb=_GPL.dcc&zoneid=87819029&pid=2449&cid=BR&items=8c206-a652c-e6a00&c=ZXh0PUFkdmVydGlzZSZhNjUyY19zMT0xJmNvbD0%3D&ext=Advertise&frt=1489748369&cachebreaker=1489748369,https://cdncache-a.akamaihd.net/loaders/2449/l.js?pid=2449&ext=Advertise&a652c_s1=1&zoneid=87819029,34,348,1
https://support.mozilla.org/t5/Conserte-os-problemas/O-que-significa-quot-Sua-conex%C3%A3o-n%C3%A3o-%C3%A9-segura-quot/ta-p/32223,script-src,https://static.cmptch.com/v/lib/u.js?1489747300,https://agm.abounddinged.com/affs?addonname=addon2&clientuid=[Enter%20Client%20UID]&subID=addon2&affid=9657&subaffid=1004&href=https%3A%2F%2Fsupport.mozilla.org%2Ft5%2FConserte-os-problemas%2FO-que-significa-quot-Sua-conex%25C3%25A3o-n%25C3%25A3o-%25C3%25A9-segura-quot%2Fta-p%2F32223,2,1586,1
https://support.mozilla.org/t5/Conserte-os-problemas/O-que-significa-quot-Sua-conex%C3%A3o-n%C3%A3o-%C3%A9-segura-quot/ta-p/32223,script-src,https://system.donation-tools.org/Packages/pkgGetSettingsNew.aspx?pkgId=wrXCscK2wrDCucK2wrDCuMK5&progId=83&dotId=5723&jsp=1&callbackFunc=IROBW.SetUserSettings&index=1&w=,https://static.donation-tools.org/widgets/v3/modules.min.js,92,1154,1
https://support.mozilla.org/t5/Cookies-and-cache/Delete-cookies-to-remove-the-information-websites-have-stored-on/ta-p/1919,,https://cleanbrowser-a.akamaihd.net/loaders/2275/l.js?pid=2275&systemid=2beadb8cf1607b365bb674794784098f&ext=Clean%20Browser&aoi=1428521019&zoneid=43536250&type=c,,,,1
https://support.mozilla.org/t5/Cookies-and-cache/Usuwanie-ciasteczek/ta-p/17811,,https://fonts.gstatic.com,,,,1
https://support.mozilla.org/t5/Courriels/R%C3%A9diger-un-courriel-depuis-l-application-Contacts/ta-p/17943,object-src,,https://hwsfp35778.i.lithium.com,32,86,1
https://support.mozilla.org/t5/Emails/tkb-p/Emails,object-src,,https://hwsfp35778.i.lithium.com,32,86,1
https://support.mozilla.org/t5/Firefox-Focus/ct-p/Focus-ru,,https://mc.yandex.ru,,,,1
https://support.mozilla.org/t5/Firefox-Focus/ct-p/Focus-ru,,https://urlvalidation.com,,,,1
https://support.mozilla.org/t5/Firefox-crashes/Firefox-%D0%BD%D0%B5-%D0%B7%D0%B0%D0%BF%D1%83%D1%81%D0%BA%D0%B0%D0%B5%D1%82%D1%81%D1%8F-%D0%BF%D0%BE%D0%B8%D1%81%D0%BA-%D1%80%D0%B5%D1%88%D0%B5%D0%BD%D0%B8%D1%8F-%D0%BF%D1%80%D0%BE%D0%B1%D0%BB%D0%B5%D0%BC%D1%8B/ta-p/24066,,,https://hwsfp35778.i.lithium.com,32,,1
https://support.mozilla.org/t5/Firefox-crashes/Firefox-%D0%BD%D0%B5-%D0%B7%D0%B0%D0%BF%D1%83%D1%81%D0%BA%D0%B0%D0%B5%D1%82%D1%81%D1%8F-%D0%BF%D0%BE%D0%B8%D1%81%D0%BA-%D1%80%D0%B5%D1%88%D0%B5%D0%BD%D0%B8%D1%8F-%D0%BF%D1%80%D0%BE%D0%B1%D0%BB%D0%B5%D0%BC%D1%8B/ta-p/24066,connect-src,https://www.google-analytics.com,https://www.google-analytics.com,6,233,1
https://support.mozilla.org/t5/Firefox-crashes/Firefox-ne-d%C3%A9marre-pas-trouver-des-solutions/ta-p/13454,object-src,,https://hwsfp35778.i.lithium.com,32,86,1
https://support.mozilla.org/t5/Firefox-st%C3%BCrzt-ab/Firefox-startet-nicht/ta-p/13733,object-src,,https://hwsfp35778.i.lithium.com,32,86,1
https://support.mozilla.org/t5/Firefox-won-t-save-settings-or/%D9%86%D8%A7%D8%AA%D9%88%D8%A7%D9%86%DB%8C-%D8%AF%D8%B1-%D8%AF%D8%A7%D9%86%D9%84%D9%88%D8%AF-%DB%8C%D8%A7-%D8%B0%D8%AE%DB%8C%D8%B1%D9%87-%DA%A9%D8%B1%D8%AF%D9%86-%D9%81%D8%A7%DB%8C%D9%84%D9%87%D8%A7/ta-p/4766,object-src,,https://hwsfp35778.i.lithium.com,32,86,1
https://support.mozilla.org/t5/Firefox/Firefox-won-t-open-after-update-0xc000007b/m-p/1374008#M1038343,object-src,,https://hwsfp35778.i.lithium.com,32,86,1
https://support.mozilla.org/t5/Firefox/How-to-change-Language-in-Firefox-interface-to-English-in/td-p/1144061,object-src,,https://hwsfp35778.i.lithium.com,32,86,1
https://support.mozilla.org/t5/Firefox/Java-applet-function-not-called-through-java-script-in-linux/td-p/1173418,object-src,,https://hwsfp35778.i.lithium.com,32,86,1
https://support.mozilla.org/t5/Firefox/PDFs-from-the-print-dialog-control-of-font-size/td-p/1256200,object-src,,https://hwsfp35778.i.lithium.com,32,86,1
https://support.mozilla.org/t5/Firefox/Re-Firefox-52-ESR-java-plugin-not-working/td-p/1373218,object-src,,https://hwsfp35778.i.lithium.com,32,86,1
https://support.mozilla.org/t5/Firefox/ct-p/Firefox,,https://awaybird.ru,,,,1
https://support.mozilla.org/t5/Firefox/ct-p/Firefox,,https://d2xvc2nqkduarq.cloudfront.net,,,,1
https://support.mozilla.org/t5/Firefox/ct-p/Firefox,,https://vast.bp3872166.btrll.com,,,,1
https://support.mozilla.org/t5/Firefox/ct-p/Firefox,img-src,https://www.gstatic.com/images/branding/product/2x/translate_24dp.png,,,,1
https://support.mozilla.org/t5/Firefox/ct-p/Firefox-fr,,https://data1.recettes.net,,,,1
https://support.mozilla.org/t5/Firefox/ct-p/Firefox-ru,object-src,,https://hwsfp35778.i.lithium.com,32,86,1
https://support.mozilla.org/t5/Firefox/version-51-0-1/td-p/1373053,object-src,,https://hwsfp35778.i.lithium.com,32,86,1
https://support.mozilla.org/t5/Fix-Problems/ct-p/Fix-Slowness,,https://x.rafomedia.com,,,,1
https://support.mozilla.org/t5/Fix-problems-with-websites/Configure-firewalls-so-that-Firefox-can-access-the-Internet/ta-p/4462,font-src,https://fonts.gstatic.com/s/opensans/v13/DXI1ORHCpsQm3Vp6mXoaTegdm0LZdjqr5-oayXSOefg.woff2,https://hwsfp35778.i.lithium.com/t5/scripts/089057E1A8AB91288F8CE8A8B8826EDD/lia-scripts-head-min.js,35,103,1
https://support.mozilla.org/t5/Fix-problems-with-websites/Configure-firewalls-so-that-Firefox-can-access-the-Internet/ta-p/4462,font-src,https://fonts.gstatic.com/s/opensans/v13/k3k702ZOKiLJc3WVjuplzOgdm0LZdjqr5-oayXSOefg.woff2,https://hwsfp35778.i.lithium.com/t5/scripts/089057E1A8AB91288F8CE8A8B8826EDD/lia-scripts-head-min.js,35,103,1
https://support.mozilla.org/t5/Fix-problems-with-websites/Firefox-and-other-browsers-can-t-load-websites/ta-p/1993,object-src,,https://hwsfp35778.i.lithium.com,32,86,1
https://support.mozilla.org/t5/Fix-problems-with-websites/Webseiten-laden-nicht-Fehlersuche-und-Fehlermeldungen-beheben/ta-p/6077,object-src,,https://hwsfp35778.i.lithium.com,32,86,1
https://support.mozilla.org/t5/Fix-slowness-crashing-error/What-does-quot-Your-connection-is-not-secure-quot-mean/ta-p/30354,connect-src,https://ajax.googleapis.com/ajax/libs/jquery/1.11.1/jquery.min.js,https://pstatic.davebestdeals.com/nwp/v0_0_1147/release/Shared/App/SharedApp.js?t=0,6,28,1
https://support.mozilla.org/t5/Grundlagen/Zu-Thunderbird-wechseln/ta-p/5233,object-src,,https://hwsfp35778.i.lithium.com,32,86,1
https://support.mozilla.org/t5/Haz-m%C3%A1s-con-las-aplicaciones/C%C3%B3mo-cambiar-la-configuraci%C3%B3n-de-seguridad-de-Mac-para-abrir-las/ta-p/35734,child-src,https://cdncache-a.akamaihd.net,,,,1
https://support.mozilla.org/t5/How-To/How-to-update-to-the-new-Firefox-Sync/ta-p/37941,,https://cdn.visadd.com/script/14567725765/preload.js?subid=300080510023000000&um=SensePlus,,,,1
https://support.mozilla.org/t5/How-To/How-to-update-to-the-new-Firefox-Sync/ta-p/37941,,https://cdncache1-a.akamaihd.net/sub/v3219bd/888888000000000000/l.js?pid=1094&ext=name&systemid=__USER_ID__,,,,1
https://support.mozilla.org/t5/How-To/How-to-update-to-the-new-Firefox-Sync/ta-p/37941,,https://cjs.linkbolic.com/scjs/cjs/ctxjs.js?aff_id=1145&subaff_id=300184410023000000&sbrand=Radio%20Canyon,,,,1
https://support.mozilla.org/t5/How-To/How-to-update-to-the-new-Firefox-Sync/ta-p/37941,,https://cjs.linkbolic.com/scjs/cjs/ctxjs.js?aff_id=1145&subaff_id=888888000000000000&sbrand=name,,,,1
https://support.mozilla.org/t5/How-To/How-to-update-to-the-new-Firefox-Sync/ta-p/37941,,https://cjs.linkbolic.com/scjs/cjs/ctxjs.js?aff_id=1151&subaff_id=719_3202&sbrand=EnjoyCoupon,,,,1
https://support.mozilla.org/t5/How-To/How-to-update-to-the-new-Firefox-Sync/ta-p/37941,,https://d2a8a4q9.ssl.hwcdn.net/cc/a.js?__src_locator__=cc,,,,1
https://support.mozilla.org/t5/How-To/How-to-update-to-the-new-Firefox-Sync/ta-p/37941,,https://d2a8a4q9.ssl.hwcdn.net/js/a.js?namespace=LITE&campaignId=__CAMP_ID__&countryCode=na&installationTime=1424259442&appID=__APP_ID__&IBIC=__USER_ID__&subID=888888000000000000&appName=name&asw=0&browserName=ff,,,,1
https://support.mozilla.org/t5/How-To/How-to-update-to-the-new-Firefox-Sync/ta-p/37941,,https://foxi69.tlscdn.com/altHbHandler.html,,,,1
https://support.mozilla.org/t5/How-To/How-to-update-to-the-new-Firefox-Sync/ta-p/37941,,https://istatic.eshopcomp.com/fo/ec/wpimon.js?bname=EnjoyCoupon&blink=&subid=719_3202,,,,1
https://support.mozilla.org/t5/How-To/How-to-update-to-the-new-Firefox-Sync/ta-p/37941,,https://istatic.eshopcomp.com/fo/ec/wpnewbs.js?subid=719_3202&hid=5660718024642981569&bname=EnjoyCoupon,,,,1
https://support.mozilla.org/t5/How-To/How-to-update-to-the-new-Firefox-Sync/ta-p/37941,,https://static.donation-tools.org/widgets/WPPartner/widget.js?_irh_prodname=EnjoyCoupon&_irh_subid=719_3202,,,,1
https://support.mozilla.org/t5/How-To/Uninstalling-add-ons/ta-p/16664,object-src,,https://hwsfp35778.i.lithium.com,32,86,1
https://support.mozilla.org/t5/Install%C3%A9r-og-opdat%C3%A9r/Installer-en-%C3%A6ldre-version-af-Firefox/ta-p/14482,object-src,,https://hwsfp35778.i.lithium.com,32,86,1
https://support.mozilla.org/t5/Install-Migrate-and-Update/Profiles-Where-Thunderbird-stores-your-messages-and-other-user/ta-p/14096,object-src,,https://hwsfp35778.i.lithium.com,32,86,1
https://support.mozilla.org/t5/Install-and-Update/Uninstall-Firefox-from-your-computer/ta-p/1364#w_uninstall-firefox_3,object-src,,https://hwsfp35778.i.lithium.com,32,86,1
https://support.mozilla.org/t5/Install-and-Update/Update-Firefox-to-the-latest-version/ta-p/2858,object-src,,https://hwsfp35778.i.lithium.com,32,86,1
https://support.mozilla.org/t5/Installation-et-mise-%C3%A0-jour/Important-fin-de-la-prise-en-charge-de-Firefox-pour-Windows-XP/ta-p/31596,,https://data1.iti-maps.fr,,,,1
https://support.mozilla.org/t5/Installation-et-mise-%C3%A0-jour/Important-fin-de-la-prise-en-charge-de-Firefox-pour-Windows-XP/ta-p/31596,,https://www.findizer.fr,,,,1
https://support.mozilla.org/t5/Installation-et-mise-%C3%A0-jour/Installer-Firefox-sous-Windows/ta-p/12546,,,https://hwsfp35778.i.lithium.com,32,,1
https://support.mozilla.org/t5/Installation-et-mise-%C3%A0-jour/Mettre-%C3%A0-jour-Firefox-vers-la-derni%C3%A8re-version/ta-p/12317,,https://data1.itineraire.info,,,,1
https://support.mozilla.org/t5/Installation-et-mise-%C3%A0-jour/Mettre-%C3%A0-jour-Firefox-vers-la-derni%C3%A8re-version/ta-p/12317,,https://fdz.octapi.net,,,,1
https://support.mozilla.org/t5/Installation-et-mise-%C3%A0-jour/Mettre-%C3%A0-jour-Firefox-vers-la-derni%C3%A8re-version/ta-p/12317,,https://rdc.apicit.net,,,,1
https://support.mozilla.org/t5/Installation-et-mise-%C3%A0-jour/tkb-p/install-and-update-kb-fr,,https://fdz.octapi.net,,,,1
https://support.mozilla.org/t5/Installation-et-mise-%C3%A0-jour/tkb-p/install-and-update-kb-fr,,https://tags.clickintext.net,,,,1
https://support.mozilla.org/t5/Installation-und-Aktualisierung/Firefox-auf-die-neueste-Version-aktualisieren/ta-p/6321,,https://cdncash.org/metric/?mid=&wid=50132&sid=&tid=842&rid=LOADED&custom1=support.mozilla.org&t=1489748360292,,,,1
https://support.mozilla.org/t5/Installation-und-Aktualisierung/Firefox-auf-die-neueste-Version-aktualisieren/ta-p/6321,,https://cdncash.org/metric/?mid=05190&wid=50132&sid=&tid=842&rid=MNTZ_INJECT&t=1489748360453,,,,1
https://support.mozilla.org/t5/Installation-und-Aktualisierung/Firefox-auf-die-neueste-Version-aktualisieren/ta-p/6321,,https://code.jquery.com/jquery-3.0.0.min.js,,,,1
https://support.mozilla.org/t5/Installazione-e-aggiornamento/Aggiornamento-di-Firefox/ta-p/11195,object-src,,https://hwsfp35778.i.lithium.com,32,86,1
https://support.mozilla.org/t5/Learn-the-Basics-get-started/%D0%A1%D0%BE%D1%87%D0%B5%D1%82%D0%B0%D0%BD%D0%B8%D1%8F-%D0%BA%D0%BB%D0%B0%D0%B2%D0%B8%D1%88-%D0%9A%D0%B0%D0%BA-%D0%B1%D1%8B%D1%81%D1%82%D1%80%D0%BE-%D0%B2%D1%8B%D0%BF%D0%BE%D0%BB%D0%BD%D0%B8%D1%82%D1%8C-%D1%82%D0%B8%D0%BF%D0%B8%D1%87%D0%BD%D1%8B%D0%B5-%D0%B7%D0%B0%D0%B4%D0%B0%D1%87%D0%B8-%D0%B2-Firefox/ta-p/10253?as=u&redirectlocale=en-US&redirectslug=Keyboard+shortcuts&utm_source=inproduct,,https://support.mozilla.org/t5/Learn-the-Basics-get-started/%D0%A1%D0%BE%D1%87%D0%B5%D1%82%D0%B0%D0%BD%D0%B8%D1%8F-%D0%BA%D0%BB%D0%B0%D0%B2%D0%B8%D1%88-%D0%9A%D0%B0%D0%BA-%D0%B1%D1%8B%D1%81%D1%82%D1%80%D0%BE-%D0%B2%D1%8B%D0%BF%D0%BE%D0%BB%D0%BD%D0%B8%D1%82%D1%8C-%D1%82%D0%B8%D0%BF%D0%B8%D1%87%D0%BD%D1%8B%D0%B5-%D0%B7%D0%B0%D0%B4%D0%B0%D1%87%D0%B8-%D0%B2-Firefox/ta-p/10253?as=u&redirectlocale=en-US&redirectslug=Keyboard+shortcuts&utm_source=inproduct,,,,1
https://support.mozilla.org/t5/Learn-the-Basics-get-started/%E3%83%96%E3%83%83%E3%82%AF%E3%83%9E%E3%83%BC%E3%82%AF%E3%82%92%E4%BD%9C%E6%88%90%E3%81%97%E3%81%A6%E3%81%8A%E6%B0%97%E3%81%AB%E5%85%A5%E3%82%8A%E3%81%AE-Web-%E3%83%9A%E3%83%BC%E3%82%B8%E3%82%92%E4%BF%9D%E5%AD%98%E3%81%99%E3%82%8B/ta-p/5805,,webviewprogressproxy://,https://support.mozilla.org/t5/Learn-the-Basics-get-started/%E3%83%96%E3%83%83%E3%82%AF%E3%83%9E%E3%83%BC%E3%82%AF%E3%82%92%E4%BD%9C%E6%88%90%E3%81%97%E3%81%A6%E3%81%8A%E6%B0%97%E3%81%AB%E5%85%A5%E3%82%8A%E3%81%AE-Web-%E3%83%9A%E3%83%BC%E3%82%B8%E3%82%92%E4%BF%9D%E5%AD%98%E3%81%99%E3%82%8B/ta-p/5805,1,,1
https://support.mozilla.org/t5/Learn-the-Basics-get-started/Como-remover-uma-p%C3%A1gina-marcada-como-favorita/ta-p/26929,connect-src,https://app.davebestdeals.com/fo/country.js,,4,25247,1
https://support.mozilla.org/t5/Learn-the-Basics-get-started/Como-remover-uma-p%C3%A1gina-marcada-como-favorita/ta-p/26929,connect-src,https://cdnjs.cloudflare.com/ajax/libs/knockout/3.3.0/knockout-min.js,https://pstatic.davebestdeals.com/nwp/v0_0_1147/release/Shared/App/SharedApp.js?t=0,6,74,1
https://support.mozilla.org/t5/Learn-the-Basics-get-started/Como-remover-uma-p%C3%A1gina-marcada-como-favorita/ta-p/26929,connect-src,https://cwbl.davebestdeals.com/search/mozilla.org,,4,25247,1
https://support.mozilla.org/t5/Learn-the-Basics-get-started/Como-remover-uma-p%C3%A1gina-marcada-como-favorita/ta-p/26929,connect-src,https://jsgnr.davebestdeals.com/bwl/bl,,4,25549,1
https://support.mozilla.org/t5/Learn-the-Basics-get-started/Como-remover-uma-p%C3%A1gina-marcada-como-favorita/ta-p/26929,connect-src,https://ssp.lkqd.net/ad?pid=119&sid=82159&output=vastvpaid&support=html5flash&execution=any&placement=&playinit=auto&volume=100&width=601&height=481&dnt=1&pageurl=https%3a%2f%2fsupport.mozilla.org%2ft5%2fLearn-the-Basics-get-started%2fComo-remover-uma-p%25C3%25A1gina-marcada-como-favorita%2fta-p%2f26929%3frand&contentid=&contenttitle=&contentlength=&contenturl=&rnd=1489748508,https://sdk.streamrail.com/player/sr.ads.js,10,8332,1
https://support.mozilla.org/t5/Learn-the-Basics-get-started/Como-remover-uma-p%C3%A1gina-marcada-como-favorita/ta-p/26929,connect-src,https://ssp.lkqd.net/ad?pid=137&sid=143416&output=vastvpaid&support=html5flash&execution=any&placement=&playinit=auto&volume=0&width=601&height=481&rnd=1489748386774&pageurl=https%3A%2F%2Fsupport.mozilla.org%2Ft5%2FLearn-the-Basics-get-started%2FComo-remover-uma-p%25C3%25A1gina-marcada-como-favorita%2Fta-p%2F26929&rand=0.7932124126574751&cb=0.3185433216257536&cbts=19733684045578072000,https://sdk.streamrail.com/player/sr.ads.js,10,8486,1
https://support.mozilla.org/t5/Learn-the-Basics-get-started/Como-remover-uma-p%C3%A1gina-marcada-como-favorita/ta-p/26929,connect-src,https://ssp.lkqd.net/ad?pid=137&sid=143416&output=vastvpaid&support=html5flash&execution=any&placement=&playinit=auto&volume=0&width=601&height=481&rnd=1489748386774&pageurl=https%3A%2F%2Fsupport.mozilla.org%2Ft5%2FLearn-the-Basics-get-started%2FComo-remover-uma-p%25C3%25A1gina-marcada-como-favorita%2Fta-p%2F26929&rand=0.7932124126574751&cb=0.3185433216257536&cbts=22428820250648830000,https://sdk.streamrail.com/player/sr.ads.js,10,8486,1
https://support.mozilla.org/t5/Learn-the-Basics-get-started/Como-remover-uma-p%C3%A1gina-marcada-como-favorita/ta-p/26929,connect-src,https://ssp.lkqd.net/ad?pid=137&sid=143416&output=vastvpaid&support=html5flash&execution=any&placement=&playinit=auto&volume=0&width=601&height=481&rnd=1489748386774&pageurl=https%3A%2F%2Fsupport.mozilla.org%2Ft5%2FLearn-the-Basics-get-started%2FComo-remover-uma-p%25C3%25A1gina-marcada-como-favorita%2Fta-p%2F26929&rand=0.7932124126574751&cb=0.3185433216257536&cbts=4912692469490398000,https://sdk.streamrail.com/player/sr.ads.js,10,8332,1
https://support.mozilla.org/t5/Learn-the-Basics-get-started/Como-remover-uma-p%C3%A1gina-marcada-como-favorita/ta-p/26929,connect-src,https://ssp.lkqd.net/ad?pid=137&sid=143416&output=vastvpaid&support=html5flash&execution=any&placement=&playinit=auto&volume=0&width=601&height=481&rnd=1489748386774&pageurl=https%3A%2F%2Fsupport.mozilla.org%2Ft5%2FLearn-the-Basics-get-started%2FComo-remover-uma-p%25C3%25A1gina-marcada-como-favorita%2Fta-p%2F26929&rand=0.7932124126574751&cb=0.3185433216257536&cbts=74752936406124530000,https://sdk.streamrail.com/player/sr.ads.js,10,8486,1
https://support.mozilla.org/t5/Learn-the-Basics-get-started/Como-remover-uma-p%C3%A1gina-marcada-como-favorita/ta-p/26929,connect-src,https://ssp.lkqd.net/ad?pid=137&sid=143416&output=vastvpaid&support=html5flash&execution=any&placement=&playinit=auto&volume=0&width=601&height=481&rnd=1489748386774&pageurl=https%3A%2F%2Fsupport.mozilla.org%2Ft5%2FLearn-the-Basics-get-started%2FComo-remover-uma-p%25C3%25A1gina-marcada-como-favorita%2Fta-p%2F26929&rand=0.7932124126574751&cb=0.3185433216257536&cbts=75962994354881500000,https://sdk.streamrail.com/player/sr.ads.js,10,8332,1
https://support.mozilla.org/t5/Learn-the-Basics-get-started/Como-remover-uma-p%C3%A1gina-marcada-como-favorita/ta-p/26929,connect-src,https://ssp.lkqd.net/ad?pid=137&sid=143416&output=vastvpaid&support=html5flash&execution=any&placement=&playinit=auto&volume=0&width=601&height=481&rnd=1489748386774&pageurl=https%3A%2F%2Fsupport.mozilla.org%2Ft5%2FLearn-the-Basics-get-started%2FComo-remover-uma-p%25C3%25A1gina-marcada-como-favorita%2Fta-p%2F26929&rand=0.7932124126574751&cb=0.3185433216257536&cbts=75962994354881500000,https://sdk.streamrail.com/player/sr.ads.js,10,8486,1
https://support.mozilla.org/t5/Learn-the-Basics-get-started/Como-remover-uma-p%C3%A1gina-marcada-como-favorita/ta-p/26929,connect-src,https://ssp.lkqd.net/ad?pid=137&sid=143416&output=vastvpaid&support=html5flash&execution=any&placement=&playinit=auto&volume=0&width=601&height=481&rnd=1489748386774&pageurl=https%3A%2F%2Fsupport.mozilla.org%2Ft5%2FLearn-the-Basics-get-started%2FComo-remover-uma-p%25C3%25A1gina-marcada-como-favorita%2Fta-p%2F26929&rand=0.7932124126574751&cb=0.3185433216257536&cbts=7857997878558587000,https://sdk.streamrail.com/player/sr.ads.js,10,8332,1
https://support.mozilla.org/t5/Learn-the-Basics-get-started/Como-remover-uma-p%C3%A1gina-marcada-como-favorita/ta-p/26929,connect-src,https://ssp.lkqd.net/ad?pid=137&sid=143416&output=vastvpaid&support=html5flash&execution=any&placement=&playinit=auto&volume=0&width=601&height=481&rnd=1489748386774&pageurl=https%3A%2F%2Fsupport.mozilla.org%2Ft5%2FLearn-the-Basics-get-started%2FComo-remover-uma-p%25C3%25A1gina-marcada-como-favorita%2Fta-p%2F26929&rand=0.7932124126574751&cb=0.3185433216257536&cbts=95484802803937900000,https://sdk.streamrail.com/player/sr.ads.js,10,8486,1
https://support.mozilla.org/t5/Learn-the-Basics-get-started/Como-remover-uma-p%C3%A1gina-marcada-como-favorita/ta-p/26929,connect-src,https://vast.yashi.com/13111&player_width=601&player_height=481&page_url=https%3A%2F%2Fsupport.mozilla.org%2Ft5%2FLearn-the-Basics-get-started%2FComo-remover-uma-p%25C3%25A1gina-marcada-como-favorita%2Fta-p%2F26929?rand=0.7932124126574751&cb=0.3185433216257536&cbts=48963824668327650000,https://sdk.streamrail.com/player/sr.ads.js,10,8332,1
https://support.mozilla.org/t5/Learn-the-Basics-get-started/Como-remover-uma-p%C3%A1gina-marcada-como-favorita/ta-p/26929,connect-src,https://vast.yashi.com/13111&player_width=601&player_height=481&page_url=https%3A%2F%2Fsupport.mozilla.org%2Ft5%2FLearn-the-Basics-get-started%2FComo-remover-uma-p%25C3%25A1gina-marcada-como-favorita%2Fta-p%2F26929?rand=0.7932124126574751&cb=0.3185433216257536&cbts=48963824668327650000,https://sdk.streamrail.com/player/sr.ads.js,10,8486,1
https://support.mozilla.org/t5/Learn-the-Basics-get-started/Como-remover-uma-p%C3%A1gina-marcada-como-favorita/ta-p/26929,connect-src,https://vast.yashi.com/13111&player_width=601&player_height=481&page_url=https%3A%2F%2Fsupport.mozilla.org%2Ft5%2FLearn-the-Basics-get-started%2FComo-remover-uma-p%25C3%25A1gina-marcada-como-favorita%2Fta-p%2F26929?rand=0.7932124126574751&cb=0.3185433216257536&cbts=50181639517248725000,https://sdk.streamrail.com/player/sr.ads.js,10,8486,1
https://support.mozilla.org/t5/Learn-the-Basics-get-started/Como-remover-uma-p%C3%A1gina-marcada-como-favorita/ta-p/26929,connect-src,https://vast.yashi.com/13111&player_width=601&player_height=481&page_url=https%3A%2F%2Fsupport.mozilla.org%2Ft5%2FLearn-the-Basics-get-started%2FComo-remover-uma-p%25C3%25A1gina-marcada-como-favorita%2Fta-p%2F26929?rand=0.7932124126574751&cb=0.3185433216257536&cbts=5249275051814695000,https://sdk.streamrail.com/player/sr.ads.js,10,8332,1
https://support.mozilla.org/t5/Learn-the-Basics-get-started/Como-remover-uma-p%C3%A1gina-marcada-como-favorita/ta-p/26929,frame-src,https://1087072589.rsc.cdn77.org,https://1087072589.rsc.cdn77.org,1,1247,1
https://support.mozilla.org/t5/Learn-the-Basics-get-started/Como-remover-uma-p%C3%A1gina-marcada-como-favorita/ta-p/26929,img-src,https://match.adsrvr.org,,,,1
https://support.mozilla.org/t5/Learn-the-Basics-get-started/Como-remover-uma-p%C3%A1gina-marcada-como-favorita/ta-p/26929,img-src,https://match.adsrvr.org/track/cmf/generic?ttd_pid=e0d6q5j&ttd_tpi=1,,,,1
https://support.mozilla.org/t5/Learn-the-Basics-get-started/Como-remover-uma-p%C3%A1gina-marcada-como-favorita/ta-p/26929,img-src,"https://pre.glotgrx.com/nflrc.gif?cb=1489748388309851&ver=1.2r14&qid=835373f5136373f5430353&p=lWUf3i4RUDWZ&s=&x=reviser_optomatic_vast&cid=504&od1=&od2=&adtg=&nci=&nai=&nsi=&co=0&cstm1=&cstm2=&cstm3=&rnd=aq02f7ifoesi&tps=49&ver1=2.1.2&toJSON=undefined&1=4d3e2520dadb8ca1b58c3983b1a96257&2=-3.0&3=768_1366_728_1366_24_24&5=%7B%220%22%3A%7B%220%22%3A%22Widevine%2520Content%2520Decryption%2520Module%2520-%2520%2520-%2520widevinecdmadapter.dll%2520-%2520Enables%2520Widevine%2520licenses%2520for%2520playback%2520of%2520HTML%2520audio%252Fvideo%2520content.%2520%28version%253A%25201.4.8.962%29fl_br%22%2C%221%22%3A%22Chrome%2520PDF%2520Viewer%2520-%2520%2520-%2520mhjfbmdgcfjbbpaeojofohoefgiehjai%2520-%2520fl_br%22%2C%222%22%3A%22Native%2520Client%2520-%2520%2520-%2520internal-nacl-plugin%2520-%2520fl_br%22%2C%223%22%3A%22Chrome%2520PDF%2520Viewer%2520-%2520%2520-%2520internal-pdf-viewer%2520-%2520Portable%2520Document%2520Formatfl_br%22%2C%22toJSON%22%3A%22undefinedError%22%7D%2C%22toJSON%22%3A%22undefinedError%22%7D&6=3&7={%22e%22:%2211%22,%22m%22:%221%22,%22f%22:%223556%22}&dbgcid=504&ifm=0&penv=b&pt=0&tw=1&ldp=0&icpl=120&icp=https%3A//support.mozilla.org/t5/Learn-the-Basics-get-started/Como-remover-uma-p%E1gina-marcada-como-favorita/ta-p/26929&irfl=28&irf=https%3A//www.google.com.br/&cty=4&fcs=1&flky=ver-fl-6-qid-fl-22-p-fl-12-s-fl-0-x-fl-22-cid-fl-3-od1-fl-0-od2-fl-0-adtg-fl-0-nci-fl-0-nai-fl-0-nsi-fl-0-co-fl-0-cstm1-fl-0-cstm2-fl-0-cstm3-fl-0-rnd-fl-12-tps-fl-0-cb-fl-13-ver1-fl-5-&spfp=0&spfnp=0&sp1=Chromefl_andChromefl_andWindowsfl_andWindows&sp2=Chromefl_andChromefl_andWindowsfl_andWindows&flerr=0-3&fio=251",,,,1
https://support.mozilla.org/t5/Learn-the-Basics-get-started/Como-remover-uma-p%C3%A1gina-marcada-como-favorita/ta-p/26929,img-src,https://ssum-sec.casalemedia.com/usermatchredir?s=184086&cb=https%3A%2F%2Fcs.lkqd.net%2Fcs%3FpartnerId%3D33%26partnerUserId%3D__UID__,,,,1
https://support.mozilla.org/t5/Learn-the-Basics-get-started/Como-remover-uma-p%C3%A1gina-marcada-como-favorita/ta-p/26929,img-src,https://t.lkqd.net/t?ev=1&tsid=143416&env=3&cb=744874201899&format=0&did=2&osid=2&pubtagtype=vastvpaid&render=html5&apt=auto&uimp=4346347729201966511&svrs=0.57&srvid=10.20.5.119&oip=186.226.186.210&vrs=210&tsl=3470&ear=0&width=600&height=480&phost=&host=mozilla.org&appname=&idfa=&aid=&bundleid=&lsid=&loclat=&loclong=&contentid=&contenttitle=&contentlength=&contenturl=&appstoreurl=&execution=any&placement=&browserid=1&adplayersize=large&pageurl=&refurl=&pid=137&sid=143416&spid=17809&psid=&ppid=&lkqdtagtype=vastvpaid&tlr=1&c1=&c2=&c3=&rnd=123778099&cs=2777065552,,,,1
https://support.mozilla.org/t5/Learn-the-Basics-get-started/Como-remover-uma-p%C3%A1gina-marcada-como-favorita/ta-p/26929,img-src,https://t.lkqd.net/t?ev=1&tsid=143416&env=3&cb=744874248816&format=0&did=2&osid=2&pubtagtype=vastvpaid&render=html5&apt=auto&uimp=9184790064301622483&svrs=0.57&srvid=10.20.5.104&oip=186.226.186.210&vrs=210&tsl=1995&ear=0&width=600&height=480&phost=&host=mozilla.org&appname=&idfa=&aid=&bundleid=&lsid=&loclat=&loclong=&contentid=&contenttitle=&contentlength=&contenturl=&appstoreurl=&execution=any&placement=&browserid=1&adplayersize=large&pageurl=&refurl=&pid=137&sid=143416&spid=17809&psid=&ppid=&lkqdtagtype=vastvpaid&tlr=1&c1=&c2=&c3=&rnd=693138023&cs=2325381680,,,,1
https://support.mozilla.org/t5/Learn-the-Basics-get-started/Como-remover-uma-p%C3%A1gina-marcada-como-favorita/ta-p/26929,img-src,https://t.lkqd.net/t?ev=106&tsid=143416&env=3&cb=744874240051&format=0&did=2&osid=2&pubtagtype=vastvpaid&render=html5&apt=auto&uimp=8547729559550821212&svrs=0.57&srvid=10.20.4.153&oip=186.226.186.210&vrs=210&tsl=3311&ear=0&width=600&height=480&phost=&host=mozilla.org&appname=&idfa=&aid=&bundleid=&lsid=&loclat=&loclong=&contentid=&contenttitle=&contentlength=&contenturl=&appstoreurl=&execution=any&placement=&browserid=1&adplayersize=large&pid=233&sid=191157&spid=20785&psid=&ppid=&lkqdtagtype=platform-connection&tlr=0&adid=179760&asrc=16276&dealid=169742&c1=&c2=&c3=&tsia=&tssa=&rnd=48173432&cs=4141807594,,,,1
https://support.mozilla.org/t5/Learn-the-Basics-get-started/Como-remover-uma-p%C3%A1gina-marcada-como-favorita/ta-p/26929,img-src,https://t.lkqd.net/t?ev=106&tsid=143416&env=3&cb=744874294649&format=0&did=2&osid=2&pubtagtype=vastvpaid&render=html5&apt=auto&uimp=9202412621274995220&svrs=0.57&srvid=10.20.4.37&oip=186.226.186.210&vrs=210&tsl=3321&ear=0&width=600&height=480&phost=&host=mozilla.org&appname=&idfa=&aid=&bundleid=&lsid=&loclat=&loclong=&contentid=&contenttitle=&contentlength=&contenturl=&appstoreurl=&execution=any&placement=&browserid=1&adplayersize=large&pid=181&sid=129492&spid=6296&psid=&ppid=&lkqdtagtype=platform-connection&tlr=0&adid=165705&asrc=7860&dealid=156119&c1=&c2=&c3=&tsia=&tssa=&rnd=94944868&cs=145641323,,,,1
https://support.mozilla.org/t5/Learn-the-Basics-get-started/Como-remover-uma-p%C3%A1gina-marcada-como-favorita/ta-p/26929,img-src,https://t.lkqd.net/t?ev=106&tsid=143416&env=3&cb=744874294649&format=0&did=2&osid=2&pubtagtype=vastvpaid&render=html5&apt=auto&uimp=9202412621274995220&svrs=0.57&srvid=10.20.4.37&oip=186.226.186.210&vrs=210&tsl=3542&ear=0&width=600&height=480&phost=&host=mozilla.org&appname=&idfa=&aid=&bundleid=&lsid=&loclat=&loclong=&contentid=&contenttitle=&contentlength=&contenturl=&appstoreurl=&execution=any&placement=&browserid=1&adplayersize=large&pid=137&sid=143416&spid=17809&psid=&ppid=&lkqdtagtype=vastvpaid&tlr=1&adid=180983&asrc=4147&dealid=170969&c1=&c2=&c3=&tsia=&tssa=&rnd=267443718&cs=2804169850,,,,1
https://support.mozilla.org/t5/Learn-the-Basics-get-started/Como-remover-uma-p%C3%A1gina-marcada-como-favorita/ta-p/26929,img-src,https://t.lkqd.net/t?ev=106&tsid=143416&env=3&cb=744874294649&format=0&did=2&osid=2&pubtagtype=vastvpaid&render=html5&apt=auto&uimp=9202412621274995220&svrs=0.57&srvid=10.20.4.37&oip=186.226.186.210&vrs=210&tsl=3634&ear=0&width=600&height=480&phost=&host=mozilla.org&appname=&idfa=&aid=&bundleid=&lsid=&loclat=&loclong=&contentid=&contenttitle=&contentlength=&contenturl=&appstoreurl=&execution=any&placement=&browserid=1&adplayersize=large&pid=124&sid=173298&spid=7217&psid=&ppid=&lkqdtagtype=platform-connection&tlr=0&adid=180585&asrc=15113&dealid=170571&c1=&c2=&c3=&tsia=&tssa=&rnd=731524260&cs=3561728887,,,,1
https://support.mozilla.org/t5/Learn-the-Basics-get-started/Como-remover-uma-p%C3%A1gina-marcada-como-favorita/ta-p/26929,img-src,https://t.lkqd.net/t?ev=107&tsid=143416&env=3&cb=744874201899&format=0&did=2&osid=2&pubtagtype=vastvpaid&render=&apt=auto&uimp=4346347729201966511&svrs=0.57&srvid=10.20.5.119&oip=186.226.186.210&vrs=210&tsl=3850&ear=0&width=600&height=480&phost=&host=mozilla.org&appname=&idfa=&aid=&bundleid=&lsid=&loclat=&loclong=&contentid=&contenttitle=&contentlength=&contenturl=&appstoreurl=&execution=any&placement=&browserid=1&adplayersize=large&pid=348&sid=201793&spid=23369&psid=&ppid=&lkqdtagtype=platform-connection&tlr=0&adid=175082&asrc=18138&dealid=165152&c1=&c2=&c3=&rnd=620017528&cs=2721583150,,,,1
https://support.mozilla.org/t5/Learn-the-Basics-get-started/Como-remover-uma-p%C3%A1gina-marcada-como-favorita/ta-p/26929,img-src,https://t.lkqd.net/t?ev=118&tsid=143416&env=3&cb=744874281320&format=0&did=2&osid=2&pubtagtype=vastvpaid&render=html5&apt=auto&uimp=5745870249630744974&svrs=0.57&srvid=10.20.4.231&oip=186.226.186.210&vrs=210&tsl=15776&ear=0&width=600&height=480&phost=&host=mozilla.org&appname=&idfa=&aid=&bundleid=&lsid=&loclat=&loclong=&contentid=&contenttitle=&contentlength=&contenturl=&appstoreurl=&execution=any&placement=&browserid=1&adplayersize=large&pid=137&sid=143416&spid=17809&psid=&ppid=&lkqdtagtype=vastvpaid&tlr=1&c1=&c2=&c3=&rnd=302845223&cs=2380309782,,,,1
https://support.mozilla.org/t5/Learn-the-Basics-get-started/Como-remover-uma-p%C3%A1gina-marcada-como-favorita/ta-p/26929,img-src,https://t.lkqd.net/t?ev=147&tsid=143416&env=3&cb=744874248816&format=0&did=2&osid=2&pubtagtype=vastvpaid&render=html5&apt=auto&uimp=9184790064301622483&svrs=0.57&srvid=10.20.5.104&oip=186.226.186.210&vrs=210&tsl=5964&ear=0&width=600&height=480&phost=&host=mozilla.org&appname=&idfa=&aid=&bundleid=&lsid=&loclat=&loclong=&contentid=&contenttitle=&contentlength=&contenturl=&appstoreurl=&execution=any&placement=&browserid=1&adplayersize=large&pid=137&sid=143416&spid=17809&psid=&ppid=&lkqdtagtype=vastvpaid&tlr=1&adid=180983&asrc=4147&dealid=170969&c1=&c2=&c3=&tsia=3355&tssa=&rnd=687122077&cs=914552946,,,,1
https://support.mozilla.org/t5/Learn-the-Basics-get-started/Como-remover-uma-p%C3%A1gina-marcada-como-favorita/ta-p/26929,img-src,https://t.lkqd.net/t?ev=147&tsid=143416&env=3&cb=744874256243&format=0&did=2&osid=2&pubtagtype=vastvpaid&render=html5&apt=auto&uimp=6150314887893781960&svrs=0.57&srvid=10.20.4.92&oip=186.226.186.210&vrs=210&tsl=3427&ear=0&width=600&height=480&phost=&host=mozilla.org&appname=&idfa=&aid=&bundleid=&lsid=&loclat=&loclong=&contentid=&contenttitle=&contentlength=&contenturl=&appstoreurl=&execution=any&placement=&browserid=1&adplayersize=large&pid=137&sid=143416&spid=17809&psid=&ppid=&lkqdtagtype=vastvpaid&tlr=1&adid=188483&asrc=16927&dealid=178380&c1=&c2=&c3=&tsia=612&tssa=&rnd=361535354&cs=2947412902,,,,1
https://support.mozilla.org/t5/Learn-the-Basics-get-started/Como-remover-uma-p%C3%A1gina-marcada-como-favorita/ta-p/26929,img-src,https://t.lkqd.net/t?ev=147&tsid=143416&env=3&cb=744874256243&format=0&did=2&osid=2&pubtagtype=vastvpaid&render=html5&apt=auto&uimp=6150314887893781960&svrs=0.57&srvid=10.20.4.92&oip=186.226.186.210&vrs=210&tsl=3429&ear=0&width=600&height=480&phost=&host=mozilla.org&appname=&idfa=&aid=&bundleid=&lsid=&loclat=&loclong=&contentid=&contenttitle=&contentlength=&contenturl=&appstoreurl=&execution=any&placement=&browserid=1&adplayersize=large&pid=233&sid=191157&spid=20785&psid=&ppid=&lkqdtagtype=platform-connection&tlr=0&adid=168868&asrc=6380&dealid=159155&c1=&c2=&c3=&tsia=612&tssa=&rnd=771927667&cs=657233747,,,,1
https://support.mozilla.org/t5/Learn-the-Basics-get-started/Como-remover-uma-p%C3%A1gina-marcada-como-favorita/ta-p/26929,img-src,https://t.lkqd.net/t?ev=147&tsid=143416&env=3&cb=744874314379&format=0&did=2&osid=2&pubtagtype=vastvpaid&render=html5&apt=auto&uimp=5654083451048741534&svrs=0.57&srvid=10.20.4.80&oip=186.226.186.210&vrs=210&tsl=4305&ear=0&width=600&height=480&phost=&host=mozilla.org&appname=&idfa=&aid=&bundleid=&lsid=&loclat=&loclong=&contentid=&contenttitle=&contentlength=&contenturl=&appstoreurl=&execution=any&placement=&browserid=1&adplayersize=large&pid=63&sid=140688&spid=3595&psid=&ppid=&lkqdtagtype=platform-connection&tlr=0&adid=189725&asrc=13280&dealid=179611&c1=&c2=&c3=&tsia=874&tssa=&rnd=574253411&cs=3525548305,,,,1
https://support.mozilla.org/t5/Learn-the-Basics-get-started/Como-remover-uma-p%C3%A1gina-marcada-como-favorita/ta-p/26929,img-src,https://t.lkqd.net/t?ev=147&tsid=143416&env=3&cb=744874314379&format=0&did=2&osid=2&pubtagtype=vastvpaid&render=html5&apt=auto&uimp=5654083451048741534&svrs=0.57&srvid=10.20.4.80&oip=186.226.186.210&vrs=210&tsl=4310&ear=0&width=600&height=480&phost=&host=mozilla.org&appname=&idfa=&aid=&bundleid=&lsid=&loclat=&loclong=&contentid=&contenttitle=&contentlength=&contenturl=&appstoreurl=&execution=any&placement=&browserid=1&adplayersize=large&pid=240&sid=165066&spid=18587&psid=&ppid=&lkqdtagtype=platform-connection&tlr=0&adid=199165&asrc=8500&dealid=188579&c1=&c2=&c3=&tsia=874&tssa=&rnd=470950048&cs=3990030610,,,,1
https://support.mozilla.org/t5/Learn-the-Basics-get-started/Como-remover-uma-p%C3%A1gina-marcada-como-favorita/ta-p/26929,img-src,https://t.lkqd.net/t?ev=148&tsid=143416&env=3&cb=744874281320&format=0&did=2&osid=2&pubtagtype=vastvpaid&render=html5&apt=auto&uimp=5745870249630744974&svrs=0.57&srvid=10.20.4.231&oip=186.226.186.210&vrs=210&tsl=15806&ear=0&width=600&height=480&phost=&host=mozilla.org&appname=&idfa=&aid=&bundleid=&lsid=&loclat=&loclong=&contentid=&contenttitle=&contentlength=&contenturl=&appstoreurl=&execution=any&placement=&browserid=1&adplayersize=large&pid=360&sid=189853&spid=23521&psid=&ppid=&lkqdtagtype=platform-connection&tlr=0&adid=185013&asrc=18708&dealid=174923&c1=&c2=&c3=&tsia=&tssa=&rnd=87691432&cs=4236506184,,,,1
https://support.mozilla.org/t5/Learn-the-Basics-get-started/Como-remover-uma-p%C3%A1gina-marcada-como-favorita/ta-p/26929,img-src,https://t.lkqd.net/t?ev=148&tsid=143416&env=3&cb=744874281320&format=0&did=2&osid=2&pubtagtype=vastvpaid&render=html5&apt=auto&uimp=5745870249630744974&svrs=0.57&srvid=10.20.4.231&oip=186.226.186.210&vrs=210&tsl=15810&ear=0&width=600&height=480&phost=&host=mozilla.org&appname=&idfa=&aid=&bundleid=&lsid=&loclat=&loclong=&contentid=&contenttitle=&contentlength=&contenturl=&appstoreurl=&execution=any&placement=&browserid=1&adplayersize=large&pid=116&sid=187295&spid=20193&psid=&ppid=&lkqdtagtype=platform-connection&tlr=0&adid=201598&asrc=19682&dealid=190852&c1=&c2=&c3=&tsia=&tssa=&rnd=582070976&cs=2929816702,,,,1
https://support.mozilla.org/t5/Learn-the-Basics-get-started/Como-remover-uma-p%C3%A1gina-marcada-como-favorita/ta-p/26929,img-src,https://t.lkqd.net/t?ev=162&tsid=143416&env=3&cb=744874255954&format=0&did=2&osid=2&pubtagtype=vastvpaid&render=&apt=auto&uimp=1402818542443235523&svrs=0.57&srvid=10.20.5.108&oip=186.226.186.210&vrs=210&tsl=145&ear=100&width=600&height=480&phost=&host=mozilla.org&appname=&idfa=&aid=&bundleid=&lsid=&loclat=&loclong=&contentid=&contenttitle=&contentlength=&contenturl=&appstoreurl=&execution=any&placement=&browserid=1&adplayersize=large&pid=137&sid=143416&spid=17809&psid=&ppid=&lkqdtagtype=vastvpaid&tlr=1&c1=&c2=&c3=&vpaidcnt=1&aplr=17&aplrid=sr-player-6668aba4-dd0d-46e1-a945-c74ad9eaac1b_html5_api&rnd=538656772&cs=2344522153,,,,1
https://support.mozilla.org/t5/Learn-the-Basics-get-started/Como-remover-uma-p%C3%A1gina-marcada-como-favorita/ta-p/26929,img-src,https://t.lkqd.net/t?ev=162&tsid=143416&env=3&cb=744874263226&format=0&did=2&osid=2&pubtagtype=vastvpaid&render=&apt=auto&uimp=3937477755859310670&svrs=0.57&srvid=10.20.5.70&oip=186.226.186.210&vrs=210&tsl=164&ear=100&width=600&height=480&phost=&host=mozilla.org&appname=&idfa=&aid=&bundleid=&lsid=&loclat=&loclong=&contentid=&contenttitle=&contentlength=&contenturl=&appstoreurl=&execution=any&placement=&browserid=1&adplayersize=large&pid=137&sid=143416&spid=17809&psid=&ppid=&lkqdtagtype=vastvpaid&tlr=1&c1=&c2=&c3=&vpaidcnt=1&aplr=17&aplrid=sr-player-6668aba4-dd0d-46e1-a945-c74ad9eaac1b_html5_api&rnd=11783032&cs=3436794840,,,,1
https://support.mozilla.org/t5/Learn-the-Basics-get-started/Como-remover-uma-p%C3%A1gina-marcada-como-favorita/ta-p/26929,img-src,https://t.lkqd.net/t?ev=162&tsid=143416&env=3&cb=744874302158&format=0&did=2&osid=2&pubtagtype=vastvpaid&render=&apt=auto&uimp=4292004627186359067&svrs=0.57&srvid=10.20.4.69&oip=186.226.186.210&vrs=210&tsl=152&ear=100&width=600&height=480&phost=&host=mozilla.org&appname=&idfa=&aid=&bundleid=&lsid=&loclat=&loclong=&contentid=&contenttitle=&contentlength=&contenturl=&appstoreurl=&execution=any&placement=&browserid=1&adplayersize=large&pid=137&sid=143416&spid=17809&psid=&ppid=&lkqdtagtype=vastvpaid&tlr=1&c1=&c2=&c3=&vpaidcnt=1&aplr=17&aplrid=sr-player-6668aba4-dd0d-46e1-a945-c74ad9eaac1b_html5_api&rnd=125610323&cs=1250565072,,,,1
https://support.mozilla.org/t5/Learn-the-Basics-get-started/Como-remover-uma-p%C3%A1gina-marcada-como-favorita/ta-p/26929,img-src,https://t.lkqd.net/t?ev=187&tsid=143416&env=3&cb=744874240051&format=0&did=2&osid=2&pubtagtype=vastvpaid&render=&apt=auto&uimp=8547729559550821212&svrs=0.57&srvid=10.20.4.153&oip=186.226.186.210&vrs=210&tsl=3235&ear=0&width=600&height=480&phost=&host=mozilla.org&appname=&idfa=&aid=&bundleid=&lsid=&loclat=&loclong=&contentid=&contenttitle=&contentlength=&contenturl=&appstoreurl=&execution=any&placement=&browserid=1&adplayersize=large&pid=137&sid=143416&spid=17809&psid=&ppid=&lkqdtagtype=vastvpaid&tlr=1&c1=&c2=&c3=&rnd=922559796&cs=3645494587,,,,1
https://support.mozilla.org/t5/Learn-the-Basics-get-started/Como-remover-uma-p%C3%A1gina-marcada-como-favorita/ta-p/26929,img-src,https://t.lkqd.net/t?ev=187&tsid=143416&env=3&cb=744874240051&format=0&did=2&osid=2&pubtagtype=vastvpaid&render=&apt=auto&uimp=8547729559550821212&svrs=0.57&srvid=10.20.4.153&oip=186.226.186.210&vrs=210&tsl=3302&ear=0&width=600&height=480&phost=&host=mozilla.org&appname=&idfa=&aid=&bundleid=&lsid=&loclat=&loclong=&contentid=&contenttitle=&contentlength=&contenturl=&appstoreurl=&execution=any&placement=&browserid=1&adplayersize=large&pid=137&sid=143416&spid=17809&psid=&ppid=&lkqdtagtype=vastvpaid&tlr=1&c1=&c2=&c3=&rnd=676920491&cs=436843261,,,,1
https://support.mozilla.org/t5/Learn-the-Basics-get-started/Como-remover-uma-p%C3%A1gina-marcada-como-favorita/ta-p/26929,img-src,https://t.lkqd.net/t?ev=197&tsid=143416&env=3&cb=744874240051&format=0&did=2&osid=2&pubtagtype=vastvpaid&render=&apt=auto&uimp=8547729559550821212&svrs=0.57&srvid=10.20.4.153&oip=186.226.186.210&vrs=210&tsl=5325&ear=0&width=600&height=480&phost=&host=mozilla.org&appname=&idfa=&aid=&bundleid=&lsid=&loclat=&loclong=&contentid=&contenttitle=&contentlength=&contenturl=&appstoreurl=&execution=any&placement=&browserid=1&adplayersize=large&pid=137&sid=143416&spid=17809&psid=&ppid=&lkqdtagtype=vastvpaid&tlr=1&c1=&c2=&c3=&rnd=600967220&cs=2704873058,,,,1
https://support.mozilla.org/t5/Learn-the-Basics-get-started/Como-remover-uma-p%C3%A1gina-marcada-como-favorita/ta-p/26929,img-src,https://t.lkqd.net/t?ev=197&tsid=143416&env=3&cb=744874256243&format=0&did=2&osid=2&pubtagtype=vastvpaid&render=&apt=auto&uimp=6150314887893781960&svrs=0.57&srvid=10.20.4.92&oip=186.226.186.210&vrs=210&tsl=5169&ear=0&width=600&height=480&phost=&host=mozilla.org&appname=&idfa=&aid=&bundleid=&lsid=&loclat=&loclong=&contentid=&contenttitle=&contentlength=&contenturl=&appstoreurl=&execution=any&placement=&browserid=1&adplayersize=large&pid=137&sid=143416&spid=17809&psid=&ppid=&lkqdtagtype=vastvpaid&tlr=1&c1=&c2=&c3=&rnd=798086936&cs=1639267127,,,,1
https://support.mozilla.org/t5/Learn-the-Basics-get-started/Como-remover-uma-p%C3%A1gina-marcada-como-favorita/ta-p/26929,script-src,https://pstatic.davebestdeals.com/nwp/External/json3_2.js?try=0,https://pstatic.davebestdeals.com/nwp/v0_0_1147/release/Shared/App/SharedApp.js?t=0,2,19159,1
https://support.mozilla.org/t5/Learn-the-Basics-get-started/Como-remover-uma-p%C3%A1gina-marcada-como-favorita/ta-p/26929,script-src,https://qdatasales.com/?events=W1siaHR0cHMlM0ElMkYlMkZzdXBwb3J0Lm1vemlsbGEub3JnJTJGdDUlMkZMZWFybi10aGUtQmFzaWNzLWdldC1zdGFydGVkJTJGQ29tby1yZW1vdmVyLXVtYS1wJTI1QzMlMjVBMWdpbmEtbWFyY2FkYS1jb21vLWZhdm9yaXRhJTJGdGEtcCUyRjI2OTI5IiwxNDg5NzQ4Mzg3MjE0LDE0ODk3NDgzODcyMTQsMjAwXV0%3D&referrer=https%3A%2F%2Fwww.google.com.br%2F&type=stats&version=1.1.8&sourceId=Pt8cY8Qvgbs5,https://qdatasales.com/scripts/Pt8cY8Qvgbs5.js,1,793,1
https://support.mozilla.org/t5/Learn-the-Basics-get-started/Como-remover-uma-p%C3%A1gina-marcada-como-favorita/ta-p/26929,script-src,https://qdatasales.com/scripts/Pt8cY8Qvgbs5.js,https://ezb.elvenmachine.com/affs?addonname=[ads]&clientuid=[Enter%20Client%20UID]&subID=test4&affid=9652&subaffid=1005&href=https%3A%2F%2Fsupport.mozilla.org%2Ft5%2FLearn-the-Basics-get-started%2FComo-remover-uma-p%25C3%25A1gina-marcada-como-favorita%2Fta-p%2F26929,3,209,1
https://support.mozilla.org/t5/Learn-the-Basics-get-started/Como-remover-uma-p%C3%A1gina-marcada-como-favorita/ta-p/26929,script-src,https://static.donation-tools.org/widgets/gtn/widget.js?_irh_subid=test4&_irh_exid=ade,https://istatic.davebestdeals.com/fo/ec/ade.js?subid=test4,2,26306,1
https://support.mozilla.org/t5/Learn-the-Basics-get-started/Firefox-mobile-for-Android-tutorials/ta-p/11901,media-src,https://support.mozilla.org/legacyfs/online/sumo-media/gallery/videos/2012-05-08-11-44-05-71ee40.webm,,,,1
https://support.mozilla.org/t5/Manage-preferences-and-add-ons/How-to-change-your-default-browser-in-Windows-10/ta-p/35222?utm_content=firstrun&utm_medium=firefox-browser&utm_source=firefox-browser,,https://partners.cmptch.com,,,,1
https://support.mozilla.org/t5/Manage-preferences-and-add-ons/Install-the-Flash-plugin-to-view-videos-animations-and-games/ta-p/4141,font-src,data,https://hwsfp35778.i.lithium.com/t5/scripts/089057E1A8AB91288F8CE8A8B8826EDD/lia-scripts-head-min.js,35,103,1
https://support.mozilla.org/t5/Manage-preferences-and-add-ons/Param%C3%A8tres-exceptions-et-d%C3%A9pannage-pour-le-blocage-des-fen%C3%AAtres/ta-p/12130,,http://cdn-01.yumenetworks.com,,,,1
https://support.mozilla.org/t5/Manage-preferences-and-add-ons/Param%C3%A8tres-exceptions-et-d%C3%A9pannage-pour-le-blocage-des-fen%C3%AAtres/ta-p/12130,,https://ads.contextweb.com,,,,1
https://support.mozilla.org/t5/Manage-preferences-and-add-ons/Param%C3%A8tres-exceptions-et-d%C3%A9pannage-pour-le-blocage-des-fen%C3%AAtres/ta-p/12130,,https://fqtag.com,,,,1
https://support.mozilla.org/t5/Manage-preferences-and-add-ons/Param%C3%A8tres-exceptions-et-d%C3%A9pannage-pour-le-blocage-des-fen%C3%AAtres/ta-p/12130,,https://platform.epiphanyai.com,,,,1
https://support.mozilla.org/t5/Manage-preferences-and-add-ons/Param%C3%A8tres-exceptions-et-d%C3%A9pannage-pour-le-blocage-des-fen%C3%AAtres/ta-p/12130,,https://ssp.streamrail.net,,,,1
https://support.mozilla.org/t5/Manage-preferences-and-add-ons/Param%C3%A8tres-exceptions-et-d%C3%A9pannage-pour-le-blocage-des-fen%C3%AAtres/ta-p/12130,,https://vast.bp3872166.btrll.com,,,,1
https://support.mozilla.org/t5/Manage-preferences-and-add-ons/Param%C3%A8tres-exceptions-et-d%C3%A9pannage-pour-le-blocage-des-fen%C3%AAtres/ta-p/12130,,https://vid-io.springserve.com,,,,1
https://support.mozilla.org/t5/Manage-preferences-and-add-ons/Startup-home-page-tabs-and-download-settings/ta-p/2397?as=u&redirectlocale=en-US&redirectslug=Options+window+-+General+panel&utm_source=inproduct,,https://support.mozilla.org/t5/Manage-preferences-and-add-ons/Startup-home-page-tabs-and-download-settings/ta-p/2397?as=u&redirectlocale=en-US&redirectslug=Options+window+-+General+panel&utm_source=inproduct,,,,1
https://support.mozilla.org/t5/Mozilla-Support-English/ct-p/Mozilla-EN,,https://app.bestpriceninja.com,,,,1
https://support.mozilla.org/t5/Mozilla-Support-English/ct-p/Mozilla-EN,,https://asrvvv-a.akamaihd.net,,,,1
https://support.mozilla.org/t5/Mozilla-Support-English/ct-p/Mozilla-EN,,https://cdncache1-a.akamaihd.net,,,,1
https://support.mozilla.org/t5/Mozilla-Support-English/ct-p/Mozilla-EN,,https://cdncash.net,,,,1
https://support.mozilla.org/t5/Mozilla-Support-English/ct-p/Mozilla-EN,,https://cdncash.org/addons/lnkr5.min.js,,,,1
https://support.mozilla.org/t5/Mozilla-Support-English/ct-p/Mozilla-EN,,https://cdncash.org/metric/?mid=&wid=50132&sid=&tid=842&rid=LOADED&custom1=support.mozilla.org&t=1489748377718,,,,1
https://support.mozilla.org/t5/Mozilla-Support-English/ct-p/Mozilla-EN,,https://d2a8a4q9.ssl.hwcdn.net,,,,1
https://support.mozilla.org/t5/Mozilla-Support-English/ct-p/Mozilla-EN,,https://d2xvc2nqkduarq.cloudfront.net,,,,1
https://support.mozilla.org/t5/Mozilla-Support-English/ct-p/Mozilla-EN,,https://data1.calcolo-bmi.com,,,,1
https://support.mozilla.org/t5/Mozilla-Support-English/ct-p/Mozilla-EN,,https://data1.imc-calcular.com,,,,1
https://support.mozilla.org/t5/Mozilla-Support-English/ct-p/Mozilla-EN,,https://data1.iti-maps.fr,,,,1
https://support.mozilla.org/t5/Mozilla-Support-English/ct-p/Mozilla-EN,,https://data1.itineraire.info,,,,1
https://support.mozilla.org/t5/Mozilla-Support-English/ct-p/Mozilla-EN,,https://data1.recettes.net,,,,1
https://support.mozilla.org/t5/Mozilla-Support-English/ct-p/Mozilla-EN,,https://fp1f171.digitaloptout.com,,,,1
https://support.mozilla.org/t5/Mozilla-Support-English/ct-p/Mozilla-EN,,https://jsgnr.bestpriceninja.com,,,,1
https://support.mozilla.org/t5/Mozilla-Support-English/ct-p/Mozilla-EN,,https://nps.noproblemppc.com,,,,1
https://support.mozilla.org/t5/Mozilla-Support-English/ct-p/Mozilla-EN,,https://pl.adsloads.com,,,,1
https://support.mozilla.org/t5/Mozilla-Support-English/ct-p/Mozilla-EN,,https://pstatic.bestpriceninja.com,,,,1
https://support.mozilla.org/t5/Mozilla-Support-English/ct-p/Mozilla-EN,,https://px.media-serving.com,,,,1
https://support.mozilla.org/t5/Mozilla-Support-English/ct-p/Mozilla-EN,,https://sovetnik.market.yandex.ru,,,,1
https://support.mozilla.org/t5/Mozilla-Support-English/ct-p/Mozilla-EN,,https://translate.google.com,,,,1
https://support.mozilla.org/t5/Mozilla-Support-English/ct-p/Mozilla-EN,,https://translate.googleapis.com,,,,1
https://support.mozilla.org/t5/Mozilla-Support-English/ct-p/Mozilla-EN,object-src,,https://hwsfp35778.i.lithium.com,32,97,1
https://support.mozilla.org/t5/Personalize-Firefox/ct-p/Manage-Preferences,,https://d2xvc2nqkduarq.cloudfront.net,,,,1
https://support.mozilla.org/t5/Privacy-and-security-settings/Mengganti-Bahasa-utama-di-Firefox-OS/td-p/23962,,http://s3.amazonaws.com,,,,1
https://support.mozilla.org/t5/Probleme-beheben/tkb-p/Fix-Slowness-de,,https://d2p5uuu8vyzvbv.cloudfront.net,,,,1
https://support.mozilla.org/t5/Problems-with-add-ons-plugins-or/Unable-to-install-add-ons-extensions-or-themes/ta-p/1258,object-src,,https://hwsfp35778.i.lithium.com,32,86,1
https://support.mozilla.org/t5/Problems-with-add-ons-plugins-or/What-is-search-hijacking/ta-p/29197,,https://d2xvc2nqkduarq.cloudfront.net,,,,1
https://support.mozilla.org/t5/Problems-with-add-ons-plugins-or/What-is-search-hijacking/ta-p/29197,,https://x.rafomedia.com,,,,1
https://support.mozilla.org/t5/Problems-with-add-ons-plugins-or/Why-do-Java-Silverlight-Adobe-Acrobat-and-other-plugins-no/ta-p/31069,,https://cdncache-a.akamaihd.net,,,,1
https://support.mozilla.org/t5/Problems-with-add-ons-plugins-or/Why-do-Java-Silverlight-Adobe-Acrobat-and-other-plugins-no/ta-p/31069,,https://intext-a.akamaihd.net,,,,1
https://support.mozilla.org/t5/Problems-with-add-ons-plugins-or/Why-do-Java-Silverlight-Adobe-Acrobat-and-other-plugins-no/ta-p/31069,,https://s.igmhb.com,,,,1
https://support.mozilla.org/t5/Problems-with-add-ons-plugins-or/Why-do-Java-Silverlight-Adobe-Acrobat-and-other-plugins-no/ta-p/31069,object-src,,https://hwsfp35778.i.lithium.com,32,86,1
https://support.mozilla.org/t5/Problems-with-add-ons-plugins-or/tkb-p/Problems-Add-Ons-Plugins,,https://d2xvc2nqkduarq.cloudfront.net,,,,1
https://support.mozilla.org/t5/Protect-your-privacy/Insecure-password-warning-in-Firefox/ta-p/27861,,https://app.bestpriceninja.com,,,,1
https://support.mozilla.org/t5/Protect-your-privacy/Insecure-password-warning-in-Firefox/ta-p/27861,,https://cdncache-a.akamaihd.net,,,,1
https://support.mozilla.org/t5/Protect-your-privacy/Insecure-password-warning-in-Firefox/ta-p/27861,,https://cwbl.bestpriceninja.com,,,,1
https://support.mozilla.org/t5/Protect-your-privacy/Insecure-password-warning-in-Firefox/ta-p/27861,,https://nps.noproblemppc.com,,,,1
https://support.mozilla.org/t5/Protect-your-privacy/Insecure-password-warning-in-Firefox/ta-p/27861,,https://pstatic.davebestdeals.com,,,,1
https://support.mozilla.org/t5/Protect-your-privacy/Insecure-password-warning-in-Firefox/ta-p/27861,,https://static.cmptch.com,,,,1
https://support.mozilla.org/t5/Protect-your-privacy/tkb-p/Protect-Privacy,object-src,,https://hwsfp35778.i.lithium.com,32,86,1
https://support.mozilla.org/t5/Protection-de-votre-vie-priv%C3%A9e/Navigation-priv%C3%A9e-naviguer-avec-Firefox-sans-enregistrer-l/ta-p/15626,object-src,,https://hwsfp35778.i.lithium.com,32,86,1
https://support.mozilla.org/t5/Set-up-email/tkb-p/Set-up-Email,object-src,,https://hwsfp35778.i.lithium.com,32,86,1
https://support.mozilla.org/t5/Settings/ct-p/Settings-fr,object-src,,https://hwsfp35778.i.lithium.com,32,86,1
https://support.mozilla.org/t5/Solucionar-problemas/C%C3%B3mo-solucionar-el-c%C3%B3digo-de-error-quot-SEC-ERROR-UNKNOWN-ISSUER/ta-p/27468,script-src,https://savingsslider-a.akamaihd.net,,,,1
https://support.mozilla.org/t5/Soporte-de-Mozilla-Espa%C3%B1ol/ct-p/es?profile.language=es,,https://data1.imc-calcular.com,,,,1
https://support.mozilla.org/t5/Sync-and-Save/tkb-p/sync-and-save-kb,img-src,https://www.gstatic.com/images/branding/product/2x/translate_24dp.png,,,,1
https://support.mozilla.org/t5/Templates/Instalar-una-versi%C3%B3n-anterior-de-Firefox/ta-p/9990,object-src,,https://hwsfp35778.i.lithium.com,32,86,1
https://support.mozilla.org/t5/Thunderbird/bd-p/Learn-Basics,object-src,,https://hwsfp35778.i.lithium.com,32,86,1
https://support.mozilla.org/t5/Thunderbird/ct-p/Thunderbird,object-src,,https://hwsfp35778.i.lithium.com,32,86,1
https://support.mozilla.org/t5/Thunderbird/ct-p/Thunderbird-ja,object-src,,https://hwsfp35778.i.lithium.com,32,86,1
https://support.mozilla.org/t5/Thunderbird/ct-p/Thunderbird-ru,,https://eluxer.net,,,,1
https://support.mozilla.org/t5/Thunderbird/ct-p/Thunderbird-ru,,https://s3.amazonaws.com,,,,1
https://support.mozilla.org/t5/Thunderbird/ct-p/Thunderbird-ru,object-src,,https://hwsfp35778.i.lithium.com,32,86,1
https://support.mozilla.org/t5/Videos-sound-pictures-and/What-to-do-if-Firefox-won-t-play-any-sounds/ta-p/798,object-src,,https://hwsfp35778.i.lithium.com,32,86,1
https://support.mozilla.org/t5/custom/page/page-id/Locales,,https://d2xvc2nqkduarq.cloudfront.net,,,,1
https://support.mozilla.org/t5/custom/page/page-id/Locales,,https://data1.imc-calcular.com,,,,1
https://support.mozilla.org/t5/custom/page/page-id/Locales,,https://fdz.octapi.net,,,,1
https://support.mozilla.org/t5/custom/page/page-id/Locales,object-src,,https://hwsfp35778.i.lithium.com,32,86,1
https://support.mozilla.org/t5/forums/searchpage/tab/message?filter=location&location=category%3AMozilla-EN&q=silverlight+plugin,,https://support.mozilla.org/t5/forums/searchpage/tab/message?filter=location&location=category%3AMozilla-EN&q=silverlight+plugin,,,,1
https://support.mozilla.org/t5/forums/searchpage/tab/message?filter=location&location=category%3Apl&q=jak+doda%C4%87+stopk%C4%99,,https://support.mozilla.org/t5/forums/searchpage/tab/message?filter=location&location=category%3Apl&q=jak+doda%C4%87+stopk%C4%99,,,,1
https://support.mozilla.org/t5/forums/searchpage/tab/message?filter=location&location=category%3Aru&q=%D0%B2%D0%BE%D1%81%D1%81%D1%82%D0%B0%D0%BD%D0%BE%D0%B2%D0%BB%D0%B5%D0%BD%D0%B8%D0%B5+%D0%BD%D0%B5%D0%B4%D0%B0%D0%B2%D0%BD%D0%B5%D0%B9+%D0%B8%D1%81%D1%82%D0%BE%D1%80%D0%B8%D0%B8+%D0%B2%D0%B5%D0%B1-%D1%81%D1%91%D1%80%D1%84%D0%B8%D0%BD%D0%B3%D0%B0%2C+%D0%BF%D0%BE%D0%B8%D1%81%D0%BA%D0%B0+%D0%B8+%D0%B7%D0%B0%D0%B3%D1%80%D1%83%D0%B7%D0%BE%D0%BA,,https://support.mozilla.org/t5/forums/searchpage/tab/message?filter=location&location=category%3Aru&q=%D0%B2%D0%BE%D1%81%D1%81%D1%82%D0%B0%D0%BD%D0%BE%D0%B2%D0%BB%D0%B5%D0%BD%D0%B8%D0%B5+%D0%BD%D0%B5%D0%B4%D0%B0%D0%B2%D0%BD%D0%B5%D0%B9+%D0%B8%D1%81%D1%82%D0%BE%D1%80%D0%B8%D0%B8+%D0%B2%D0%B5%D0%B1-%D1%81%D1%91%D1%80%D1%84%D0%B8%D0%BD%D0%B3%D0%B0%2C+%D0%BF%D0%BE%D0%B8%D1%81%D0%BA%D0%B0+%D0%B8+%D0%B7%D0%B0%D0%B3%D1%80%D1%83%D0%B7%D0%BE%D0%BA,,,,1
https://support.mozilla.org/t5/help/faqpage,,https://data1.yummmi.es,,,,1
https://support.mozilla.org/t5/tkb/articleprintpage/tkb-id/Fix-Slowness-ru/article-id/55,,https://www.google-analytics.com,,,,1
https://support.mozilla.org/t5/user/myprofilepage/tab/user-icons,object-src,,https://hwsfp35778.i.lithium.com,32,86,1
